{"lanes": [{"time": 0, "lane_lines": []}, {"time": 1, "lane_lines": []}, {"time": 2, "lane_lines": []}, {"time": 3, "lane_lines": []}, {"time": 4, "lane_lines": []}, {"time": 5, "lane_lines": []}, {"time": 6, "lane_lines": []}, {"time": 7, "lane_lines": []}, {"time": 8, "lane_lines": []}, {"time": 9, "lane_lines": []}, {"time": 10, "lane_lines": []}, {"time": 11, "lane_lines": []}, {"time": 12, "lane_lines": []}, {"time": 13, "lane_lines": []}, {"time": 14, "lane_lines": []}, {"time": 15, "lane_lines": []}, {"time": 16, "lane_lines": []}, {"time": 17, "lane_lines": []}, {"time": 18, "lane_lines": []}, {"time": 19, "lane_lines": []}, {"time": 20, "lane_lines": []}, {"time": 21, "lane_lines": []}, {"time": 22, "lane_lines": []}, {"time": 23, "lane_lines": []}, {"time": 24, "lane_lines": []}, {"time": 25, "lane_lines": []}, {"time": 26, "lane_lines": []}, {"time": 27, "lane_lines": []}, {"time": 28, "lane_lines": []}, {"time": 29, "lane_lines": []}, {"time": 30, "lane_lines": []}, {"time": 31, "lane_lines": []}, {"time": 32, "lane_lines": []}, {"time": 33, "lane_lines": []}, {"time": 34, "lane_lines": []}, {"time": 35, "lane_lines": []}, {"time": 36, "lane_lines": []}, {"time": 37, "lane_lines": []}, {"time": 38, "lane_lines": []}, {"time": 39, "lane_lines": []}, {"time": 40, "lane_lines": []}, {"time": 41, "lane_lines": []}, {"time": 42, "lane_lines": []}, {"time": 43, "lane_lines": []}, {"time": 44, "lane_lines": []}, {"time": 45, "lane_lines": []}, {"time": 46, "lane_lines": []}, {"time": 47, "lane_lines": []}, {"time": 48, "lane_lines": []}, {"time": 49, "lane_lines": []}, {"time": 50, "lane_lines": []}, {"time": 51, "lane_lines": []}, {"time": 52, "lane_lines": []}, {"time": 53, "lane_lines": []}, {"time": 54, "lane_lines": []}, {"time": 55, "lane_lines": []}, {"time": 56, "lane_lines": []}, {"time": 57, "lane_lines": []}, {"time": 58, "lane_lines": []}, {"time": 59, "lane_lines": []}, {"time": 60, "lane_lines": []}, {"time": 61, "lane_lines": []}, {"time": 62, "lane_lines": []}, {"time": 63, "lane_lines": []}, {"time": 64, "lane_lines": []}, {"time": 65, "lane_lines": []}, {"time": 66, "lane_lines": []}, {"time": 67, "lane_lines": []}, {"time": 68, "lane_lines": []}, {"time": 69, "lane_lines": []}, {"time": 70, "lane_lines": []}, {"time": 71, "lane_lines": []}, {"time": 72, "lane_lines": []}, {"time": 73, "lane_lines": []}, {"time": 74, "lane_lines": []}, {"time": 75, "lane_lines": []}, {"time": 76, "lane_lines": []}, {"time": 77, "lane_lines": []}, {"time": 78, "lane_lines": []}, {"time": 79, "lane_lines": []}], "vehicles": [{"time": 0, "vehicles": [{"box": {"x": 692.0, "y": 296.0, "width": 76.0, "height": 64.0}, "distance": 22.5, "label": 2.0, "confidence": 0.8, "vehicle_id": -1.0, "lane_num": 1.0}, {"box": {"x": 658.0, "y": 302.0, "width": 21.0, "height": 20.0}, "distance": 75.0, "label": 0.0, "confidence": 0.39, "vehicle_id": -1.0, "lane_num": 1.0}]}, {"time": 1, "vehicles": []}, {"time": 2, "vehicles": [{"box": {"x": 699.0, "y": 291.0, "width": 81.0, "height": 69.0}, "distance": 17.5, "label": 2.0, "confidence": 0.85, "vehicle_id": -1.0, "lane_num": 1.0}, {"box": {"x": 535.0, "y": 288.0, "width": 20.0, "height": 16.0}, "distance": 12.5, "label": 1.0, "confidence": 0.75, "vehicle_id": -1.0, "lane_num": -2.0}, {"box": {"x": 663.0, "y": 297.0, "width": 22.0, "height": 21.0}, "distance": 75.0, "label": 0.0, "confidence": 0.63, "vehicle_id": -1.0, "lane_num": 1.0}]}, {"time": 3, "vehicles": [{"box": {"x": 663.0, "y": 301.0, "width": 22.0, "height": 20.0}, "distance": 75.0, "label": 0.0, "confidence": 0.71, "vehicle_id": -1.0, "lane_num": 1.0}, {"box": {"x": 702.0, "y": 294.0, "width": 82.0, "height": 70.0}, "distance": 12.5, "label": 2.0, "confidence": 0.52, "vehicle_id": -1.0, "lane_num": 1.0}]}, {"time": 4, "vehicles": [{"box": {"x": 701.0, "y": 292.0, "width": 86.0, "height": 72.0}, "distance": 12.5, "label": 2.0, "confidence": 0.91, "vehicle_id": -1.0, "lane_num": 1.0}, {"box": {"x": 660.0, "y": 302.0, "width": 22.0, "height": 19.0}, "distance": 75.0, "label": 0.0, "confidence": 0.87, "vehicle_id": -1.0, "lane_num": 1.0}, {"box": {"x": 448.0, "y": 281.0, "width": 52.0, "height": 30.0}, "distance": 45.0, "label": 1.0, "confidence": 0.73, "vehicle_id": -1.0, "lane_num": -2.0}]}, {"time": 5, "vehicles": [{"box": {"x": 699.0, "y": 295.0, "width": 89.0, "height": 74.0}, "distance": 17.5, "label": 2.0, "confidence": 0.92, "vehicle_id": -1.0, "lane_num": 1.0}, {"box": {"x": 659.0, "y": 303.0, "width": 22.0, "height": 19.0}, "distance": 75.0, "label": 0.0, "confidence": 0.89, "vehicle_id": -1.0, "lane_num": 1.0}, {"box": {"x": 443.0, "y": 301.0, "width": 21.0, "height": 11.0}, "distance": 7.5, "label": 0.0, "confidence": 0.74, "vehicle_id": -1.0, "lane_num": -2.0}, {"box": {"x": 492.0, "y": 301.0, "width": 15.0, "height": 9.0}, "distance": 7.5, "label": 0.0, "confidence": 0.62, "vehicle_id": -1.0, "lane_num": -2.0}, {"box": {"x": 521.0, "y": 301.0, "width": 9.0, "height": 7.0}, "distance": 7.5, "label": 0.0, "confidence": 0.32, "vehicle_id": -1.0, "lane_num": -2.0}]}, {"time": 6, "vehicles": [{"box": {"x": 2.0, "y": 215.0, "width": 249.0, "height": 119.0}, "distance": 12.5, "label": 1.0, "confidence": 0.85, "vehicle_id": -1.0, "lane_num": -2.0}, {"box": {"x": 438.0, "y": 295.0, "width": 21.0, "height": 13.0}, "distance": 7.5, "label": 0.0, "confidence": 0.8, "vehicle_id": -1.0, "lane_num": -2.0}, {"box": {"x": 695.0, "y": 288.0, "width": 87.0, "height": 75.0}, "distance": 12.5, "label": 2.0, "confidence": 0.79, "vehicle_id": -1.0, "lane_num": 1.0}, {"box": {"x": 655.0, "y": 297.0, "width": 21.0, "height": 21.0}, "distance": 75.0, "label": 0.0, "confidence": 0.68, "vehicle_id": -1.0, "lane_num": 1.0}, {"box": {"x": 349.0, "y": 295.0, "width": 35.0, "height": 17.0}, "distance": 7.5, "label": 0.0, "confidence": 0.39, "vehicle_id": -1.0, "lane_num": -2.0}, {"box": {"x": 496.0, "y": 296.0, "width": 12.0, "height": 8.0}, "distance": 7.5, "label": 0.0, "confidence": 0.37, "vehicle_id": -1.0, "lane_num": -2.0}]}, {"time": 7, "vehicles": [{"box": {"x": 684.0, "y": 293.0, "width": 87.0, "height": 74.0}, "distance": 17.5, "label": 2.0, "confidence": 0.92, "vehicle_id": -1.0, "lane_num": 1.0}, {"box": {"x": 647.0, "y": 300.0, "width": 21.0, "height": 20.0}, "distance": 45.0, "label": 0.0, "confidence": 0.76, "vehicle_id": -1.0, "lane_num": 1.0}, {"box": {"x": 95.0, "y": 291.0, "width": 82.0, "height": 32.0}, "distance": 7.5, "label": 0.0, "confidence": 0.73, "vehicle_id": -1.0, "lane_num": -2.0}, {"box": {"x": 456.0, "y": 296.0, "width": 15.0, "height": 10.0}, "distance": 7.5, "label": 0.0, "confidence": 0.47, "vehicle_id": -1.0, "lane_num": -2.0}, {"box": {"x": 313.0, "y": 294.0, "width": 41.0, "height": 20.0}, "distance": 7.5, "label": 0.0, "confidence": 0.35, "vehicle_id": -1.0, "lane_num": -2.0}]}, {"time": 8, "vehicles": [{"box": {"x": 635.0, "y": 301.0, "width": 21.0, "height": 19.0}, "distance": 45.0, "label": 0.0, "confidence": 0.84, "vehicle_id": -1.0, "lane_num": 1.0}, {"box": {"x": 666.0, "y": 293.0, "width": 81.0, "height": 73.0}, "distance": 17.5, "label": 2.0, "confidence": 0.8, "vehicle_id": -1.0, "lane_num": 1.0}, {"box": {"x": 385.0, "y": 295.0, "width": 23.0, "height": 15.0}, "distance": 7.5, "label": 0.0, "confidence": 0.71, "vehicle_id": -1.0, "lane_num": -2.0}]}, {"time": 9, "vehicles": [{"box": {"x": 645.0, "y": 292.0, "width": 75.0, "height": 71.0}, "distance": 17.5, "label": 2.0, "confidence": 0.92, "vehicle_id": -1.0, "lane_num": 1.0}, {"box": {"x": 241.0, "y": 297.0, "width": 42.0, "height": 21.0}, "distance": 7.5, "label": 0.0, "confidence": 0.87, "vehicle_id": -1.0, "lane_num": -2.0}, {"box": {"x": 625.0, "y": 300.0, "width": 19.0, "height": 19.0}, "distance": 45.0, "label": 0.0, "confidence": 0.86, "vehicle_id": -1.0, "lane_num": 1.0}]}, {"time": 10, "vehicles": [{"box": {"x": 630.0, "y": 292.0, "width": 68.0, "height": 70.0}, "distance": 17.5, "label": 2.0, "confidence": 0.89, "vehicle_id": -1.0, "lane_num": 0.0}, {"box": {"x": 621.0, "y": 300.0, "width": 17.0, "height": 18.0}, "distance": 75.0, "label": 0.0, "confidence": 0.82, "vehicle_id": -1.0, "lane_num": 0.0}]}, {"time": 11, "vehicles": [{"box": {"x": 622.0, "y": 292.0, "width": 64.0, "height": 66.0}, "distance": 17.5, "label": 2.0, "confidence": 0.83, "vehicle_id": -1.0, "lane_num": 0.0}]}, {"time": 12, "vehicles": [{"box": {"x": 619.0, "y": 292.0, "width": 61.0, "height": 65.0}, "distance": 17.5, "label": 2.0, "confidence": 0.91, "vehicle_id": -1.0, "lane_num": 0.0}]}, {"time": 13, "vehicles": [{"box": {"x": 619.0, "y": 292.0, "width": 59.0, "height": 65.0}, "distance": 17.5, "label": 2.0, "confidence": 0.91, "vehicle_id": -1.0, "lane_num": 0.0}]}, {"time": 14, "vehicles": [{"box": {"x": 615.0, "y": 293.0, "width": 58.0, "height": 62.0}, "distance": 17.5, "label": 2.0, "confidence": 0.91, "vehicle_id": -1.0, "lane_num": 0.0}]}, {"time": 15, "vehicles": [{"box": {"x": 619.0, "y": 291.0, "width": 56.0, "height": 62.0}, "distance": 22.5, "label": 2.0, "confidence": 0.91, "vehicle_id": -1.0, "lane_num": 0.0}]}, {"time": 16, "vehicles": [{"box": {"x": 623.0, "y": 291.0, "width": 55.0, "height": 61.0}, "distance": 22.5, "label": 2.0, "confidence": 0.86, "vehicle_id": -1.0, "lane_num": 0.0}]}, {"time": 17, "vehicles": [{"box": {"x": 624.0, "y": 293.0, "width": 55.0, "height": 58.0}, "distance": 17.5, "label": 0.0, "confidence": 0.72, "vehicle_id": -1.0, "lane_num": 0.0}]}, {"time": 18, "vehicles": [{"box": {"x": 623.0, "y": 292.0, "width": 54.0, "height": 59.0}, "distance": 17.5, "label": 2.0, "confidence": 0.75, "vehicle_id": -1.0, "lane_num": 0.0}]}, {"time": 19, "vehicles": [{"box": {"x": 618.0, "y": 292.0, "width": 55.0, "height": 59.0}, "distance": 22.5, "label": 2.0, "confidence": 0.9, "vehicle_id": -1.0, "lane_num": 0.0}]}, {"time": 20, "vehicles": [{"box": {"x": 616.0, "y": 293.0, "width": 54.0, "height": 58.0}, "distance": 22.5, "label": 2.0, "confidence": 0.9, "vehicle_id": -1.0, "lane_num": 0.0}]}, {"time": 21, "vehicles": [{"box": {"x": 616.0, "y": 294.0, "width": 54.0, "height": 58.0}, "distance": 17.5, "label": 2.0, "confidence": 0.84, "vehicle_id": -1.0, "lane_num": 0.0}]}, {"time": 22, "vehicles": [{"box": {"x": 617.0, "y": 292.0, "width": 53.0, "height": 57.0}, "distance": 22.5, "label": 2.0, "confidence": 0.89, "vehicle_id": -1.0, "lane_num": 0.0}]}, {"time": 23, "vehicles": [{"box": {"x": 617.0, "y": 292.0, "width": 54.0, "height": 58.0}, "distance": 17.5, "label": 2.0, "confidence": 0.84, "vehicle_id": -1.0, "lane_num": 0.0}]}, {"time": 24, "vehicles": [{"box": {"x": 618.0, "y": 294.0, "width": 54.0, "height": 57.0}, "distance": 22.5, "label": 2.0, "confidence": 0.91, "vehicle_id": -1.0, "lane_num": 0.0}]}, {"time": 25, "vehicles": [{"box": {"x": 619.0, "y": 292.0, "width": 54.0, "height": 56.0}, "distance": 22.5, "label": 2.0, "confidence": 0.89, "vehicle_id": -1.0, "lane_num": 0.0}]}, {"time": 26, "vehicles": [{"box": {"x": 620.0, "y": 293.0, "width": 55.0, "height": 57.0}, "distance": 17.5, "label": 2.0, "confidence": 0.83, "vehicle_id": -1.0, "lane_num": 0.0}]}, {"time": 27, "vehicles": [{"box": {"x": 623.0, "y": 291.0, "width": 54.0, "height": 59.0}, "distance": 22.5, "label": 2.0, "confidence": 0.83, "vehicle_id": -1.0, "lane_num": 0.0}, {"box": {"x": 604.0, "y": 294.0, "width": 13.0, "height": 11.0}, "distance": 75.0, "label": 0.0, "confidence": 0.37, "vehicle_id": -1.0, "lane_num": -1.0}]}, {"time": 28, "vehicles": [{"box": {"x": 624.0, "y": 294.0, "width": 54.0, "height": 57.0}, "distance": 17.5, "label": 2.0, "confidence": 0.82, "vehicle_id": -1.0, "lane_num": 0.0}, {"box": {"x": 608.0, "y": 293.0, "width": 12.0, "height": 13.0}, "distance": 12.5, "label": 1.0, "confidence": 0.43, "vehicle_id": -1.0, "lane_num": -1.0}]}, {"time": 29, "vehicles": [{"box": {"x": 623.0, "y": 292.0, "width": 54.0, "height": 59.0}, "distance": 17.5, "label": 0.0, "confidence": 0.64, "vehicle_id": -1.0, "lane_num": 0.0}, {"box": {"x": 610.0, "y": 292.0, "width": 11.0, "height": 12.0}, "distance": 12.5, "label": 1.0, "confidence": 0.34, "vehicle_id": -1.0, "lane_num": -1.0}]}, {"time": 30, "vehicles": [{"box": {"x": 622.0, "y": 293.0, "width": 55.0, "height": 59.0}, "distance": 17.5, "label": 2.0, "confidence": 0.8, "vehicle_id": -1.0, "lane_num": 0.0}, {"box": {"x": 611.0, "y": 291.0, "width": 15.0, "height": 14.0}, "distance": 12.5, "label": 1.0, "confidence": 0.59, "vehicle_id": -1.0, "lane_num": -1.0}]}, {"time": 31, "vehicles": [{"box": {"x": 619.0, "y": 292.0, "width": 56.0, "height": 59.0}, "distance": 22.5, "label": 2.0, "confidence": 0.75, "vehicle_id": -1.0, "lane_num": 0.0}, {"box": {"x": 615.0, "y": 289.0, "width": 14.0, "height": 17.0}, "distance": 17.5, "label": 1.0, "confidence": 0.49, "vehicle_id": -1.0, "lane_num": -1.0}]}, {"time": 32, "vehicles": [{"box": {"x": 619.0, "y": 292.0, "width": 56.0, "height": 60.0}, "distance": 22.5, "label": 2.0, "confidence": 0.91, "vehicle_id": -1.0, "lane_num": 0.0}]}, {"time": 33, "vehicles": [{"box": {"x": 618.0, "y": 290.0, "width": 56.0, "height": 61.0}, "distance": 22.5, "label": 2.0, "confidence": 0.9, "vehicle_id": -1.0, "lane_num": 0.0}]}, {"time": 34, "vehicles": [{"box": {"x": 615.0, "y": 290.0, "width": 55.0, "height": 60.0}, "distance": 22.5, "label": 2.0, "confidence": 0.88, "vehicle_id": -1.0, "lane_num": 0.0}]}, {"time": 35, "vehicles": [{"box": {"x": 612.0, "y": 290.0, "width": 54.0, "height": 60.0}, "distance": 17.5, "label": 0.0, "confidence": 0.77, "vehicle_id": -1.0, "lane_num": 0.0}]}, {"time": 36, "vehicles": [{"box": {"x": 612.0, "y": 291.0, "width": 53.0, "height": 58.0}, "distance": 17.5, "label": 2.0, "confidence": 0.85, "vehicle_id": -1.0, "lane_num": 0.0}]}, {"time": 37, "vehicles": [{"box": {"x": 613.0, "y": 293.0, "width": 52.0, "height": 55.0}, "distance": 22.5, "label": 2.0, "confidence": 0.87, "vehicle_id": -1.0, "lane_num": 0.0}]}, {"time": 38, "vehicles": [{"box": {"x": 615.0, "y": 293.0, "width": 50.0, "height": 54.0}, "distance": 22.5, "label": 2.0, "confidence": 0.86, "vehicle_id": -1.0, "lane_num": 0.0}]}, {"time": 39, "vehicles": [{"box": {"x": 617.0, "y": 294.0, "width": 48.0, "height": 52.0}, "distance": 22.5, "label": 2.0, "confidence": 0.8, "vehicle_id": -1.0, "lane_num": 0.0}]}, {"time": 40, "vehicles": [{"box": {"x": 618.0, "y": 291.0, "width": 47.0, "height": 53.0}, "distance": 22.5, "label": 2.0, "confidence": 0.76, "vehicle_id": -1.0, "lane_num": 0.0}]}, {"time": 41, "vehicles": []}, {"time": 42, "vehicles": [{"box": {"x": 612.0, "y": 292.0, "width": 46.0, "height": 51.0}, "distance": 27.5, "label": 2.0, "confidence": 0.48, "vehicle_id": -1.0, "lane_num": 0.0}]}, {"time": 43, "vehicles": [{"box": {"x": 611.0, "y": 293.0, "width": 44.0, "height": 49.0}, "distance": 27.5, "label": 0.0, "confidence": 0.52, "vehicle_id": -1.0, "lane_num": 0.0}]}, {"time": 44, "vehicles": [{"box": {"x": 613.0, "y": 293.0, "width": 43.0, "height": 47.0}, "distance": 27.5, "label": 2.0, "confidence": 0.59, "vehicle_id": -1.0, "lane_num": 0.0}]}, {"time": 45, "vehicles": [{"box": {"x": 616.0, "y": 294.0, "width": 42.0, "height": 45.0}, "distance": 27.5, "label": 2.0, "confidence": 0.62, "vehicle_id": -1.0, "lane_num": 0.0}]}, {"time": 46, "vehicles": [{"box": {"x": 620.0, "y": 293.0, "width": 41.0, "height": 44.0}, "distance": 27.5, "label": 2.0, "confidence": 0.83, "vehicle_id": -1.0, "lane_num": 0.0}]}, {"time": 47, "vehicles": [{"box": {"x": 621.0, "y": 293.0, "width": 41.0, "height": 44.0}, "distance": 27.5, "label": 2.0, "confidence": 0.7, "vehicle_id": -1.0, "lane_num": 0.0}]}, {"time": 48, "vehicles": [{"box": {"x": 622.0, "y": 294.0, "width": 40.0, "height": 42.0}, "distance": 35.0, "label": 2.0, "confidence": 0.56, "vehicle_id": -1.0, "lane_num": 0.0}]}, {"time": 49, "vehicles": [{"box": {"x": 622.0, "y": 292.0, "width": 38.0, "height": 43.0}, "distance": 27.5, "label": 2.0, "confidence": 0.42, "vehicle_id": -1.0, "lane_num": 0.0}]}, {"time": 50, "vehicles": [{"box": {"x": 621.0, "y": 294.0, "width": 39.0, "height": 41.0}, "distance": 35.0, "label": 2.0, "confidence": 0.73, "vehicle_id": -1.0, "lane_num": 0.0}]}, {"time": 51, "vehicles": [{"box": {"x": 621.0, "y": 295.0, "width": 38.0, "height": 40.0}, "distance": 35.0, "label": 2.0, "confidence": 0.85, "vehicle_id": -1.0, "lane_num": 0.0}]}, {"time": 52, "vehicles": [{"box": {"x": 621.0, "y": 295.0, "width": 37.0, "height": 39.0}, "distance": 35.0, "label": 2.0, "confidence": 0.7, "vehicle_id": -1.0, "lane_num": 0.0}]}, {"time": 53, "vehicles": [{"box": {"x": 618.0, "y": 296.0, "width": 36.0, "height": 37.0}, "distance": 35.0, "label": 2.0, "confidence": 0.65, "vehicle_id": -1.0, "lane_num": 0.0}]}, {"time": 54, "vehicles": [{"box": {"x": 618.0, "y": 292.0, "width": 35.0, "height": 39.0}, "distance": 35.0, "label": 2.0, "confidence": 0.65, "vehicle_id": -1.0, "lane_num": 0.0}]}, {"time": 55, "vehicles": [{"box": {"x": 619.0, "y": 295.0, "width": 35.0, "height": 36.0}, "distance": 35.0, "label": 2.0, "confidence": 0.61, "vehicle_id": -1.0, "lane_num": 0.0}]}, {"time": 56, "vehicles": [{"box": {"x": 619.0, "y": 297.0, "width": 33.0, "height": 35.0}, "distance": 35.0, "label": 0.0, "confidence": 0.59, "vehicle_id": -1.0, "lane_num": 0.0}]}, {"time": 57, "vehicles": [{"box": {"x": 618.0, "y": 297.0, "width": 33.0, "height": 35.0}, "distance": 35.0, "label": 0.0, "confidence": 0.52, "vehicle_id": -1.0, "lane_num": 0.0}]}, {"time": 58, "vehicles": [{"box": {"x": 617.0, "y": 295.0, "width": 32.0, "height": 35.0}, "distance": 35.0, "label": 2.0, "confidence": 0.71, "vehicle_id": -1.0, "lane_num": 0.0}]}, {"time": 59, "vehicles": [{"box": {"x": 619.0, "y": 297.0, "width": 32.0, "height": 34.0}, "distance": 35.0, "label": 2.0, "confidence": 0.7, "vehicle_id": -1.0, "lane_num": 0.0}]}, {"time": 60, "vehicles": [{"box": {"x": 618.0, "y": 296.0, "width": 32.0, "height": 35.0}, "distance": 35.0, "label": 2.0, "confidence": 0.7, "vehicle_id": -1.0, "lane_num": 0.0}]}, {"time": 61, "vehicles": [{"box": {"x": 620.0, "y": 295.0, "width": 31.0, "height": 34.0}, "distance": 35.0, "label": 2.0, "confidence": 0.66, "vehicle_id": -1.0, "lane_num": 0.0}]}, {"time": 62, "vehicles": [{"box": {"x": 623.0, "y": 297.0, "width": 31.0, "height": 32.0}, "distance": 35.0, "label": 2.0, "confidence": 0.6, "vehicle_id": -1.0, "lane_num": 0.0}]}, {"time": 63, "vehicles": [{"box": {"x": 623.0, "y": 296.0, "width": 30.0, "height": 33.0}, "distance": 35.0, "label": 2.0, "confidence": 0.53, "vehicle_id": -1.0, "lane_num": 0.0}]}, {"time": 64, "vehicles": [{"box": {"x": 623.0, "y": 297.0, "width": 29.0, "height": 32.0}, "distance": 35.0, "label": 2.0, "confidence": 0.59, "vehicle_id": -1.0, "lane_num": 0.0}, {"box": {"x": 1.0, "y": 377.0, "width": 187.0, "height": 206.0}, "distance": 7.5, "label": 0.0, "confidence": 0.4, "vehicle_id": -1.0, "lane_num": -1.0}]}, {"time": 65, "vehicles": [{"box": {"x": 0.0, "y": 264.0, "width": 339.0, "height": 224.0}, "distance": 7.5, "label": 0.0, "confidence": 0.85, "vehicle_id": -1.0, "lane_num": -1.0}, {"box": {"x": 623.0, "y": 297.0, "width": 29.0, "height": 31.0}, "distance": 35.0, "label": 2.0, "confidence": 0.56, "vehicle_id": -1.0, "lane_num": 0.0}]}, {"time": 66, "vehicles": [{"box": {"x": 624.0, "y": 296.0, "width": 28.0, "height": 31.0}, "distance": 45.0, "label": 2.0, "confidence": 0.71, "vehicle_id": -1.0, "lane_num": 0.0}, {"box": {"x": 3.0, "y": 261.0, "width": 415.0, "height": 284.0}, "distance": 7.5, "label": 0.0, "confidence": 0.39, "vehicle_id": -1.0, "lane_num": -1.0}]}, {"time": 67, "vehicles": [{"box": {"x": -4.0, "y": 275.0, "width": 463.0, "height": 269.0}, "distance": 12.5, "label": 2.0, "confidence": 0.7, "vehicle_id": -1.0, "lane_num": -1.0}, {"box": {"x": 622.0, "y": 296.0, "width": 29.0, "height": 30.0}, "distance": 35.0, "label": 2.0, "confidence": 0.64, "vehicle_id": -1.0, "lane_num": 0.0}]}, {"time": 68, "vehicles": [{"box": {"x": 65.0, "y": 284.0, "width": 420.0, "height": 226.0}, "distance": 12.5, "label": 2.0, "confidence": 0.9, "vehicle_id": -1.0, "lane_num": -1.0}, {"box": {"x": 623.0, "y": 296.0, "width": 28.0, "height": 32.0}, "distance": 45.0, "label": 2.0, "confidence": 0.57, "vehicle_id": -1.0, "lane_num": 0.0}]}, {"time": 69, "vehicles": [{"box": {"x": 185.0, "y": 285.0, "width": 316.0, "height": 182.0}, "distance": 12.5, "label": 1.0, "confidence": 0.7, "vehicle_id": -1.0, "lane_num": -1.0}, {"box": {"x": 624.0, "y": 296.0, "width": 28.0, "height": 31.0}, "distance": 45.0, "label": 2.0, "confidence": 0.54, "vehicle_id": -1.0, "lane_num": 0.0}]}, {"time": 70, "vehicles": [{"box": {"x": 268.0, "y": 287.0, "width": 246.0, "height": 157.0}, "distance": 12.5, "label": 1.0, "confidence": 0.91, "vehicle_id": -1.0, "lane_num": -1.0}, {"box": {"x": 625.0, "y": 295.0, "width": 28.0, "height": 31.0}, "distance": 45.0, "label": 2.0, "confidence": 0.65, "vehicle_id": -1.0, "lane_num": 0.0}]}, {"time": 71, "vehicles": [{"box": {"x": 323.0, "y": 289.0, "width": 200.0, "height": 132.0}, "distance": 7.5, "label": 1.0, "confidence": 0.6, "vehicle_id": -1.0, "lane_num": -1.0}, {"box": {"x": 627.0, "y": 295.0, "width": 28.0, "height": 31.0}, "distance": 45.0, "label": 2.0, "confidence": 0.51, "vehicle_id": -1.0, "lane_num": 0.0}]}, {"time": 72, "vehicles": [{"box": {"x": 364.0, "y": 292.0, "width": 169.0, "height": 117.0}, "distance": 12.5, "label": 2.0, "confidence": 0.67, "vehicle_id": -1.0, "lane_num": -1.0}, {"box": {"x": 628.0, "y": 298.0, "width": 29.0, "height": 29.0}, "distance": 35.0, "label": 2.0, "confidence": 0.6, "vehicle_id": -1.0, "lane_num": 0.0}]}, {"time": 73, "vehicles": [{"box": {"x": 629.0, "y": 296.0, "width": 29.0, "height": 30.0}, "distance": 45.0, "label": 2.0, "confidence": 0.67, "vehicle_id": -1.0, "lane_num": 0.0}, {"box": {"x": 391.0, "y": 292.0, "width": 150.0, "height": 109.0}, "distance": 12.5, "label": 2.0, "confidence": 0.62, "vehicle_id": -1.0, "lane_num": -1.0}]}, {"time": 74, "vehicles": [{"box": {"x": 413.0, "y": 291.0, "width": 134.0, "height": 98.0}, "distance": 12.5, "label": 1.0, "confidence": 0.77, "vehicle_id": -1.0, "lane_num": -1.0}, {"box": {"x": 629.0, "y": 297.0, "width": 29.0, "height": 29.0}, "distance": 45.0, "label": 2.0, "confidence": 0.64, "vehicle_id": -1.0, "lane_num": 0.0}]}, {"time": 75, "vehicles": [{"box": {"x": 432.0, "y": 294.0, "width": 122.0, "height": 90.0}, "distance": 12.5, "label": 2.0, "confidence": 0.91, "vehicle_id": -1.0, "lane_num": -1.0}, {"box": {"x": 630.0, "y": 296.0, "width": 28.0, "height": 30.0}, "distance": 45.0, "label": 2.0, "confidence": 0.59, "vehicle_id": -1.0, "lane_num": 0.0}]}, {"time": 76, "vehicles": [{"box": {"x": 451.0, "y": 296.0, "width": 110.0, "height": 84.0}, "distance": 12.5, "label": 2.0, "confidence": 0.91, "vehicle_id": -1.0, "lane_num": -1.0}, {"box": {"x": 631.0, "y": 298.0, "width": 28.0, "height": 30.0}, "distance": 45.0, "label": 2.0, "confidence": 0.67, "vehicle_id": -1.0, "lane_num": 0.0}]}, {"time": 77, "vehicles": [{"box": {"x": 467.0, "y": 293.0, "width": 102.0, "height": 80.0}, "distance": 17.5, "label": 2.0, "confidence": 0.92, "vehicle_id": -1.0, "lane_num": -1.0}, {"box": {"x": 631.0, "y": 296.0, "width": 29.0, "height": 31.0}, "distance": 45.0, "label": 2.0, "confidence": 0.45, "vehicle_id": -1.0, "lane_num": 0.0}]}, {"time": 78, "vehicles": [{"box": {"x": 480.0, "y": 293.0, "width": 93.0, "height": 75.0}, "distance": 17.5, "label": 2.0, "confidence": 0.91, "vehicle_id": -1.0, "lane_num": -1.0}, {"box": {"x": 632.0, "y": 296.0, "width": 28.0, "height": 30.0}, "distance": 45.0, "label": 0.0, "confidence": 0.55, "vehicle_id": -1.0, "lane_num": 0.0}]}, {"time": 79, "vehicles": [{"box": {"x": 491.0, "y": 293.0, "width": 85.0, "height": 71.0}, "distance": 17.5, "label": 2.0, "confidence": 0.92, "vehicle_id": -1.0, "lane_num": -1.0}, {"box": {"x": 631.0, "y": 295.0, "width": 29.0, "height": 32.0}, "distance": 45.0, "label": 2.0, "confidence": 0.53, "vehicle_id": -1.0, "lane_num": 0.0}]}], "traffic_signs": {"stop_signs": [{"time": 0, "stop_signs": []}, {"time": 1, "stop_signs": []}, {"time": 2, "stop_signs": []}, {"time": 3, "stop_signs": []}, {"time": 4, "stop_signs": []}, {"time": 5, "stop_signs": []}, {"time": 6, "stop_signs": []}, {"time": 7, "stop_signs": []}, {"time": 8, "stop_signs": []}, {"time": 9, "stop_signs": []}, {"time": 10, "stop_signs": []}, {"time": 11, "stop_signs": []}, {"time": 12, "stop_signs": []}, {"time": 13, "stop_signs": []}, {"time": 14, "stop_signs": []}, {"time": 15, "stop_signs": []}, {"time": 16, "stop_signs": []}, {"time": 17, "stop_signs": []}, {"time": 18, "stop_signs": []}, {"time": 19, "stop_signs": []}, {"time": 20, "stop_signs": []}, {"time": 21, "stop_signs": []}, {"time": 22, "stop_signs": []}, {"time": 23, "stop_signs": []}, {"time": 24, "stop_signs": []}, {"time": 25, "stop_signs": []}, {"time": 26, "stop_signs": []}, {"time": 27, "stop_signs": []}, {"time": 28, "stop_signs": []}, {"time": 29, "stop_signs": []}, {"time": 30, "stop_signs": []}, {"time": 31, "stop_signs": []}, {"time": 32, "stop_signs": []}, {"time": 33, "stop_signs": []}, {"time": 34, "stop_signs": []}, {"time": 35, "stop_signs": []}, {"time": 36, "stop_signs": []}, {"time": 37, "stop_signs": []}, {"time": 38, "stop_signs": []}, {"time": 39, "stop_signs": []}, {"time": 40, "stop_signs": []}, {"time": 41, "stop_signs": []}, {"time": 42, "stop_signs": []}, {"time": 43, "stop_signs": []}, {"time": 44, "stop_signs": []}, {"time": 45, "stop_signs": []}, {"time": 46, "stop_signs": []}, {"time": 47, "stop_signs": []}, {"time": 48, "stop_signs": []}, {"time": 49, "stop_signs": []}, {"time": 50, "stop_signs": []}, {"time": 51, "stop_signs": []}, {"time": 52, "stop_signs": []}, {"time": 53, "stop_signs": []}, {"time": 54, "stop_signs": []}, {"time": 55, "stop_signs": []}, {"time": 56, "stop_signs": []}, {"time": 57, "stop_signs": []}, {"time": 58, "stop_signs": []}, {"time": 59, "stop_signs": []}, {"time": 60, "stop_signs": []}, {"time": 61, "stop_signs": []}, {"time": 62, "stop_signs": []}, {"time": 63, "stop_signs": []}, {"time": 64, "stop_signs": []}, {"time": 65, "stop_signs": []}, {"time": 66, "stop_signs": []}, {"time": 67, "stop_signs": []}, {"time": 68, "stop_signs": []}, {"time": 69, "stop_signs": []}, {"time": 70, "stop_signs": []}, {"time": 71, "stop_signs": []}, {"time": 72, "stop_signs": []}, {"time": 73, "stop_signs": []}, {"time": 74, "stop_signs": []}, {"time": 75, "stop_signs": []}, {"time": 76, "stop_signs": []}, {"time": 77, "stop_signs": []}, {"time": 78, "stop_signs": []}, {"time": 79, "stop_signs": []}], "speed_signs": [{"time": 0, "speed_signs": []}, {"time": 1, "speed_signs": []}, {"time": 2, "speed_signs": []}, {"time": 3, "speed_signs": []}, {"time": 4, "speed_signs": []}, {"time": 5, "speed_signs": []}, {"time": 6, "speed_signs": []}, {"time": 7, "speed_signs": []}, {"time": 8, "speed_signs": []}, {"time": 9, "speed_signs": []}, {"time": 10, "speed_signs": []}, {"time": 11, "speed_signs": []}, {"time": 12, "speed_signs": []}, {"time": 13, "speed_signs": []}, {"time": 14, "speed_signs": []}, {"time": 15, "speed_signs": []}, {"time": 16, "speed_signs": []}, {"time": 17, "speed_signs": []}, {"time": 18, "speed_signs": []}, {"time": 19, "speed_signs": []}, {"time": 20, "speed_signs": []}, {"time": 21, "speed_signs": []}, {"time": 22, "speed_signs": []}, {"time": 23, "speed_signs": []}, {"time": 24, "speed_signs": []}, {"time": 25, "speed_signs": []}, {"time": 26, "speed_signs": []}, {"time": 27, "speed_signs": []}, {"time": 28, "speed_signs": []}, {"time": 29, "speed_signs": []}, {"time": 30, "speed_signs": []}, {"time": 31, "speed_signs": []}, {"time": 32, "speed_signs": []}, {"time": 33, "speed_signs": []}, {"time": 34, "speed_signs": []}, {"time": 35, "speed_signs": []}, {"time": 36, "speed_signs": []}, {"time": 37, "speed_signs": []}, {"time": 38, "speed_signs": []}, {"time": 39, "speed_signs": []}, {"time": 40, "speed_signs": []}, {"time": 41, "speed_signs": []}, {"time": 42, "speed_signs": []}, {"time": 43, "speed_signs": []}, {"time": 44, "speed_signs": []}, {"time": 45, "speed_signs": []}, {"time": 46, "speed_signs": []}, {"time": 47, "speed_signs": []}, {"time": 48, "speed_signs": []}, {"time": 49, "speed_signs": []}, {"time": 50, "speed_signs": []}, {"time": 51, "speed_signs": []}, {"time": 52, "speed_signs": []}, {"time": 53, "speed_signs": []}, {"time": 54, "speed_signs": []}, {"time": 55, "speed_signs": []}, {"time": 56, "speed_signs": []}, {"time": 57, "speed_signs": []}, {"time": 58, "speed_signs": []}, {"time": 59, "speed_signs": []}, {"time": 60, "speed_signs": []}, {"time": 61, "speed_signs": []}, {"time": 62, "speed_signs": []}, {"time": 63, "speed_signs": []}, {"time": 64, "speed_signs": []}, {"time": 65, "speed_signs": []}, {"time": 66, "speed_signs": []}, {"time": 67, "speed_signs": []}, {"time": 68, "speed_signs": []}, {"time": 69, "speed_signs": []}, {"time": 70, "speed_signs": []}, {"time": 71, "speed_signs": []}, {"time": 72, "speed_signs": []}, {"time": 73, "speed_signs": []}, {"time": 74, "speed_signs": []}, {"time": 75, "speed_signs": []}, {"time": 76, "speed_signs": []}, {"time": 77, "speed_signs": []}, {"time": 78, "speed_signs": []}, {"time": 79, "speed_signs": []}]}, "dist_out": [{"time": 0, "distance_buckets": {"0-5": 0.0, "5-10": 0.0, "10-15": 0.0, "15-20": 0.0, "20-25": 0.0, "25-30": 0.0, "30-40": 0.0, "40-50": 0.0, "50-": 0.001}}, {"time": 1, "distance_buckets": {"0-5": 0.0, "5-10": 0.0, "10-15": 0.0, "15-20": 0.0, "20-25": 0.0, "25-30": 0.0, "30-40": 0.0, "40-50": 0.0, "50-": 0.001}}, {"time": 2, "distance_buckets": {"0-5": 0.0, "5-10": 0.0, "10-15": 0.0, "15-20": 0.0, "20-25": 0.0, "25-30": 0.0, "30-40": 0.0, "40-50": 0.0, "50-": 0.001}}, {"time": 3, "distance_buckets": {"0-5": 0.0, "5-10": 0.0, "10-15": 0.0, "15-20": 0.0, "20-25": 0.0, "25-30": 0.0, "30-40": 0.0, "40-50": 0.0, "50-": 0.001}}, {"time": 4, "distance_buckets": {"0-5": 0.0, "5-10": 0.0, "10-15": 0.0, "15-20": 0.0, "20-25": 0.0, "25-30": 0.0, "30-40": 0.0, "40-50": 0.0, "50-": 0.001}}, {"time": 5, "distance_buckets": {"0-5": 0.0, "5-10": 0.0, "10-15": 0.0, "15-20": 0.0, "20-25": 0.0, "25-30": 0.0, "30-40": 0.0, "40-50": 0.0, "50-": 0.001}}, {"time": 6, "distance_buckets": {"0-5": 0.0, "5-10": 0.0, "10-15": 0.0, "15-20": 0.0, "20-25": 0.0, "25-30": 0.0, "30-40": 0.0, "40-50": 0.0, "50-": 0.001}}, {"time": 7, "distance_buckets": {"0-5": 0.0, "5-10": 0.0, "10-15": 0.0, "15-20": 0.0, "20-25": 0.0, "25-30": 0.0, "30-40": 0.0, "40-50": 0.0, "50-": 0.001}}, {"time": 8, "distance_buckets": {"0-5": 0.0, "5-10": 0.0, "10-15": 0.0, "15-20": 0.0, "20-25": 0.0, "25-30": 0.0, "30-40": 0.0, "40-50": 0.0, "50-": 0.001}}, {"time": 9, "distance_buckets": {"0-5": 0.0, "5-10": 0.0, "10-15": 0.0, "15-20": 0.0, "20-25": 0.0, "25-30": 0.0, "30-40": 0.0, "40-50": 0.0, "50-": 0.001}}, {"time": 10, "distance_buckets": {"0-5": 0.0003, "5-10": 0.0023, "10-15": 0.1471, "15-20": 0.6893, "20-25": 0.0892, "25-30": 0.01, "30-40": 0.0035, "40-50": 0.0007, "50-": 0.0011}}, {"time": 11, "distance_buckets": {"0-5": 0.0005, "5-10": 0.0095, "10-15": 0.1841, "15-20": 0.6287, "20-25": 0.0884, "25-30": 0.0045, "30-40": 0.0015, "40-50": 0.0003, "50-": 0.0006}}, {"time": 12, "distance_buckets": {"0-5": 0.0002, "5-10": 0.0004, "10-15": 0.0107, "15-20": 0.6457, "20-25": 0.2885, "25-30": 0.0097, "30-40": 0.0014, "40-50": 0.0001, "50-": 0.0002}}, {"time": 13, "distance_buckets": {"0-5": 0.0002, "5-10": 0.0003, "10-15": 0.0165, "15-20": 0.6021, "20-25": 0.3173, "25-30": 0.0087, "30-40": 0.0013, "40-50": 0.0001, "50-": 0.0001}}, {"time": 14, "distance_buckets": {"0-5": 0.0001, "5-10": 0.0005, "10-15": 0.0145, "15-20": 0.5232, "20-25": 0.3881, "25-30": 0.009, "30-40": 0.0007, "40-50": 0.0001, "50-": 0.0001}}, {"time": 15, "distance_buckets": {"0-5": 0.0001, "5-10": 0.0002, "10-15": 0.0025, "15-20": 0.2884, "20-25": 0.6741, "25-30": 0.0364, "30-40": 0.0033, "40-50": 0.0001, "50-": 0.0001}}, {"time": 16, "distance_buckets": {"0-5": 0.0004, "5-10": 0.0008, "10-15": 0.0152, "15-20": 0.3996, "20-25": 0.4775, "25-30": 0.0299, "30-40": 0.0051, "40-50": 0.0004, "50-": 0.0003}}, {"time": 17, "distance_buckets": {"0-5": 0.0007, "5-10": 0.0022, "10-15": 0.0234, "15-20": 0.7205, "20-25": 0.2837, "25-30": 0.0147, "30-40": 0.0013, "40-50": 0.0002, "50-": 0.0001}}, {"time": 18, "distance_buckets": {"0-5": 0.0002, "5-10": 0.0013, "10-15": 0.0243, "15-20": 0.5548, "20-25": 0.3428, "25-30": 0.0186, "30-40": 0.0019, "40-50": 0.0003, "50-": 0.0002}}, {"time": 19, "distance_buckets": {"0-5": 0.0002, "5-10": 0.0004, "10-15": 0.0046, "15-20": 0.3017, "20-25": 0.5876, "25-30": 0.0312, "30-40": 0.0038, "40-50": 0.0002, "50-": 0.0001}}, {"time": 20, "distance_buckets": {"0-5": 0.0001, "5-10": 0.0002, "10-15": 0.0021, "15-20": 0.2627, "20-25": 0.6792, "25-30": 0.0414, "30-40": 0.0035, "40-50": 0.0001, "50-": 0.0001}}, {"time": 21, "distance_buckets": {"0-5": 0.0007, "5-10": 0.0045, "10-15": 0.0525, "15-20": 0.5096, "20-25": 0.3257, "25-30": 0.0298, "30-40": 0.0059, "40-50": 0.0011, "50-": 0.0009}}, {"time": 22, "distance_buckets": {"0-5": 0.0, "5-10": 0.0001, "10-15": 0.0011, "15-20": 0.0976, "20-25": 0.8806, "25-30": 0.0301, "30-40": 0.0009, "40-50": 0.0, "50-": 0.0}}, {"time": 23, "distance_buckets": {"0-5": 0.0004, "5-10": 0.0031, "10-15": 0.0487, "15-20": 0.5535, "20-25": 0.2995, "25-30": 0.02, "30-40": 0.0031, "40-50": 0.0006, "50-": 0.0006}}, {"time": 24, "distance_buckets": {"0-5": 0.0001, "5-10": 0.0001, "10-15": 0.0007, "15-20": 0.1097, "20-25": 0.8044, "25-30": 0.0661, "30-40": 0.0033, "40-50": 0.0001, "50-": 0.0001}}, {"time": 25, "distance_buckets": {"0-5": 0.0001, "5-10": 0.0002, "10-15": 0.0012, "15-20": 0.1296, "20-25": 0.7865, "25-30": 0.0746, "30-40": 0.0042, "40-50": 0.0001, "50-": 0.0001}}, {"time": 26, "distance_buckets": {"0-5": 0.0004, "5-10": 0.0019, "10-15": 0.0273, "15-20": 0.4892, "20-25": 0.4045, "25-30": 0.0285, "30-40": 0.0031, "40-50": 0.0005, "50-": 0.0004}}, {"time": 27, "distance_buckets": {"0-5": 0.0001, "5-10": 0.0003, "10-15": 0.0053, "15-20": 0.3563, "20-25": 0.5307, "25-30": 0.02, "30-40": 0.0009, "40-50": 0.0001, "50-": 0.0001}}, {"time": 28, "distance_buckets": {"0-5": 0.0001, "5-10": 0.0005, "10-15": 0.0146, "15-20": 0.5887, "20-25": 0.3782, "25-30": 0.0118, "30-40": 0.0007, "40-50": 0.0001, "50-": 0.0001}}, {"time": 29, "distance_buckets": {"0-5": 0.0002, "5-10": 0.0013, "10-15": 0.0257, "15-20": 0.6925, "20-25": 0.3052, "25-30": 0.0151, "30-40": 0.0021, "40-50": 0.0004, "50-": 0.0003}}, {"time": 30, "distance_buckets": {"0-5": 0.0001, "5-10": 0.0005, "10-15": 0.0146, "15-20": 0.6272, "20-25": 0.3137, "25-30": 0.0085, "30-40": 0.0004, "40-50": 0.0001, "50-": 0.0001}}, {"time": 31, "distance_buckets": {"0-5": 0.0002, "5-10": 0.0003, "10-15": 0.0053, "15-20": 0.3235, "20-25": 0.5683, "25-30": 0.0252, "30-40": 0.0028, "40-50": 0.0002, "50-": 0.0001}}, {"time": 32, "distance_buckets": {"0-5": 0.0001, "5-10": 0.0001, "10-15": 0.0007, "15-20": 0.1607, "20-25": 0.7484, "25-30": 0.0406, "30-40": 0.0028, "40-50": 0.0001, "50-": 0.0001}}, {"time": 33, "distance_buckets": {"0-5": 0.0001, "5-10": 0.0001, "10-15": 0.0009, "15-20": 0.166, "20-25": 0.7686, "25-30": 0.0519, "30-40": 0.004, "40-50": 0.0001, "50-": 0.0001}}, {"time": 34, "distance_buckets": {"0-5": 0.0001, "5-10": 0.0001, "10-15": 0.0012, "15-20": 0.1963, "20-25": 0.75, "25-30": 0.0504, "30-40": 0.0036, "40-50": 0.0001, "50-": 0.0001}}, {"time": 35, "distance_buckets": {"0-5": 0.0001, "5-10": 0.0005, "10-15": 0.0088, "15-20": 0.5876, "20-25": 0.4713, "25-30": 0.0116, "30-40": 0.0008, "40-50": 0.0001, "50-": 0.0001}}, {"time": 36, "distance_buckets": {"0-5": 0.0003, "5-10": 0.0021, "10-15": 0.0315, "15-20": 0.5861, "20-25": 0.2993, "25-30": 0.0189, "30-40": 0.0025, "40-50": 0.0004, "50-": 0.0004}}, {"time": 37, "distance_buckets": {"0-5": 0.0002, "5-10": 0.0005, "10-15": 0.0041, "15-20": 0.1417, "20-25": 0.7536, "25-30": 0.0724, "30-40": 0.0057, "40-50": 0.0003, "50-": 0.0003}}, {"time": 38, "distance_buckets": {"0-5": 0.0002, "5-10": 0.0005, "10-15": 0.0042, "15-20": 0.1335, "20-25": 0.7705, "25-30": 0.0844, "30-40": 0.0069, "40-50": 0.0004, "50-": 0.0004}}, {"time": 39, "distance_buckets": {"0-5": 0.0003, "5-10": 0.0013, "10-15": 0.0108, "15-20": 0.1423, "20-25": 0.6265, "25-30": 0.149, "30-40": 0.0214, "40-50": 0.0019, "50-": 0.0013}}, {"time": 40, "distance_buckets": {"0-5": 0.0002, "5-10": 0.0008, "10-15": 0.0062, "15-20": 0.1412, "20-25": 0.6858, "25-30": 0.0719, "30-40": 0.0089, "40-50": 0.0005, "50-": 0.0005}}, {"time": 41, "distance_buckets": {"0-5": 0.0, "5-10": 0.0, "10-15": 0.0, "15-20": 0.0, "20-25": 0.0, "25-30": 0.0, "30-40": 0.0, "40-50": 0.0, "50-": 0.001}}, {"time": 42, "distance_buckets": {"0-5": 0.0009, "5-10": 0.0034, "10-15": 0.0087, "15-20": 0.0802, "20-25": 0.1593, "25-30": 0.3989, "30-40": 0.1155, "40-50": 0.0064, "50-": 0.0013}}, {"time": 43, "distance_buckets": {"0-5": 0.0002, "5-10": 0.0005, "10-15": 0.0024, "15-20": 0.0161, "20-25": 0.2373, "25-30": 0.677, "30-40": 0.0604, "40-50": 0.0017, "50-": 0.0005}}, {"time": 44, "distance_buckets": {"0-5": 0.0003, "5-10": 0.0003, "10-15": 0.0007, "15-20": 0.009, "20-25": 0.1411, "25-30": 0.6961, "30-40": 0.0895, "40-50": 0.001, "50-": 0.0002}}, {"time": 45, "distance_buckets": {"0-5": 0.0004, "5-10": 0.0005, "10-15": 0.0023, "15-20": 0.0166, "20-25": 0.0831, "25-30": 0.6006, "30-40": 0.1271, "40-50": 0.0014, "50-": 0.0003}}, {"time": 46, "distance_buckets": {"0-5": 0.0001, "5-10": 0.0003, "10-15": 0.0015, "15-20": 0.0103, "20-25": 0.141, "25-30": 0.7479, "30-40": 0.1159, "40-50": 0.0013, "50-": 0.0004}}, {"time": 47, "distance_buckets": {"0-5": 0.0003, "5-10": 0.0013, "10-15": 0.0048, "15-20": 0.0194, "20-25": 0.095, "25-30": 0.4227, "30-40": 0.346, "40-50": 0.0111, "50-": 0.0021}}, {"time": 48, "distance_buckets": {"0-5": 0.0008, "5-10": 0.003, "10-15": 0.0111, "15-20": 0.0348, "20-25": 0.1141, "25-30": 0.3412, "30-40": 0.366, "40-50": 0.0239, "50-": 0.0044}}, {"time": 49, "distance_buckets": {"0-5": 0.001, "5-10": 0.005, "10-15": 0.0223, "15-20": 0.0673, "20-25": 0.144, "25-30": 0.3681, "30-40": 0.32, "40-50": 0.0317, "50-": 0.006}}, {"time": 50, "distance_buckets": {"0-5": 0.0001, "5-10": 0.0004, "10-15": 0.0013, "15-20": 0.007, "20-25": 0.0434, "25-30": 0.3495, "30-40": 0.5438, "40-50": 0.0122, "50-": 0.0015}}, {"time": 51, "distance_buckets": {"0-5": 0.0, "5-10": 0.0002, "10-15": 0.0003, "15-20": 0.0015, "20-25": 0.0121, "25-30": 0.1787, "30-40": 0.7904, "40-50": 0.0088, "50-": 0.0008}}, {"time": 52, "distance_buckets": {"0-5": 0.0005, "5-10": 0.0002, "10-15": 0.0002, "15-20": 0.0014, "20-25": 0.0035, "25-30": 0.08, "30-40": 0.8374, "40-50": 0.0133, "50-": 0.0005}}, {"time": 53, "distance_buckets": {"0-5": 0.0001, "5-10": 0.0002, "10-15": 0.0004, "15-20": 0.0015, "20-25": 0.0116, "25-30": 0.1498, "30-40": 0.8069, "40-50": 0.0223, "50-": 0.0012}}, {"time": 54, "distance_buckets": {"0-5": 0.0001, "5-10": 0.0003, "10-15": 0.0005, "15-20": 0.002, "20-25": 0.0124, "25-30": 0.1461, "30-40": 0.7575, "40-50": 0.0181, "50-": 0.0016}}, {"time": 55, "distance_buckets": {"0-5": 0.0001, "5-10": 0.0003, "10-15": 0.0007, "15-20": 0.0032, "20-25": 0.0255, "25-30": 0.2124, "30-40": 0.7315, "40-50": 0.0271, "50-": 0.002}}, {"time": 56, "distance_buckets": {"0-5": 0.0003, "5-10": 0.0002, "10-15": 0.0003, "15-20": 0.0013, "20-25": 0.004, "25-30": 0.0361, "30-40": 0.9022, "40-50": 0.0798, "50-": 0.0014}}, {"time": 57, "distance_buckets": {"0-5": 0.0001, "5-10": 0.0002, "10-15": 0.0005, "15-20": 0.0023, "20-25": 0.0086, "25-30": 0.094, "30-40": 0.8572, "40-50": 0.0339, "50-": 0.0015}}, {"time": 58, "distance_buckets": {"0-5": 0.0001, "5-10": 0.0004, "10-15": 0.0005, "15-20": 0.0017, "20-25": 0.0069, "25-30": 0.0409, "30-40": 0.8391, "40-50": 0.0965, "50-": 0.0045}}, {"time": 59, "distance_buckets": {"0-5": 0.0001, "5-10": 0.0002, "10-15": 0.0004, "15-20": 0.0023, "20-25": 0.0082, "25-30": 0.0641, "30-40": 0.8777, "40-50": 0.0481, "50-": 0.0022}}, {"time": 60, "distance_buckets": {"0-5": 0.0001, "5-10": 0.0002, "10-15": 0.0003, "15-20": 0.0015, "20-25": 0.0052, "25-30": 0.0344, "30-40": 0.7441, "40-50": 0.1901, "50-": 0.0055}}, {"time": 61, "distance_buckets": {"0-5": 0.0002, "5-10": 0.0009, "10-15": 0.0025, "15-20": 0.0068, "20-25": 0.0239, "25-30": 0.0659, "30-40": 0.6923, "40-50": 0.1966, "50-": 0.0119}}, {"time": 62, "distance_buckets": {"0-5": 0.0001, "5-10": 0.0003, "10-15": 0.0005, "15-20": 0.0016, "20-25": 0.0075, "25-30": 0.0167, "30-40": 0.6722, "40-50": 0.3139, "50-": 0.0104}}, {"time": 63, "distance_buckets": {"0-5": 0.0002, "5-10": 0.0006, "10-15": 0.0011, "15-20": 0.0039, "20-25": 0.0196, "25-30": 0.0315, "30-40": 0.7851, "40-50": 0.1886, "50-": 0.0087}}, {"time": 64, "distance_buckets": {"0-5": 0.0002, "5-10": 0.0005, "10-15": 0.0011, "15-20": 0.0037, "20-25": 0.0196, "25-30": 0.0314, "30-40": 0.7494, "40-50": 0.2254, "50-": 0.01}}, {"time": 65, "distance_buckets": {"0-5": 0.0005, "5-10": 0.002, "10-15": 0.0043, "15-20": 0.0123, "20-25": 0.0313, "25-30": 0.0404, "30-40": 0.4263, "40-50": 0.366, "50-": 0.0312}}, {"time": 66, "distance_buckets": {"0-5": 0.0002, "5-10": 0.001, "10-15": 0.0019, "15-20": 0.0054, "20-25": 0.0152, "25-30": 0.0199, "30-40": 0.2399, "40-50": 0.5273, "50-": 0.0465}}, {"time": 67, "distance_buckets": {"0-5": 0.0004, "5-10": 0.0019, "10-15": 0.0053, "15-20": 0.015, "20-25": 0.0447, "25-30": 0.0526, "30-40": 0.4104, "40-50": 0.3081, "50-": 0.0296}}, {"time": 68, "distance_buckets": {"0-5": 0.0007, "5-10": 0.0048, "10-15": 0.007, "15-20": 0.0143, "20-25": 0.0229, "25-30": 0.0344, "30-40": 0.3336, "40-50": 0.4385, "50-": 0.0264}}, {"time": 69, "distance_buckets": {"0-5": 0.0005, "5-10": 0.0021, "10-15": 0.009, "15-20": 0.0213, "20-25": 0.0374, "25-30": 0.0629, "30-40": 0.3187, "40-50": 0.3575, "50-": 0.0418}}, {"time": 70, "distance_buckets": {"0-5": 0.0006, "5-10": 0.0027, "10-15": 0.0072, "15-20": 0.0187, "20-25": 0.0396, "25-30": 0.0401, "30-40": 0.2186, "40-50": 0.4619, "50-": 0.0536}}, {"time": 71, "distance_buckets": {"0-5": 0.0008, "5-10": 0.0037, "10-15": 0.0086, "15-20": 0.0208, "20-25": 0.0301, "25-30": 0.0266, "30-40": 0.097, "40-50": 0.5218, "50-": 0.11}}, {"time": 72, "distance_buckets": {"0-5": 0.0001, "5-10": 0.0004, "10-15": 0.0007, "15-20": 0.0028, "20-25": 0.013, "25-30": 0.0214, "30-40": 0.4218, "40-50": 0.3778, "50-": 0.0225}}, {"time": 73, "distance_buckets": {"0-5": 0.0002, "5-10": 0.0006, "10-15": 0.0011, "15-20": 0.003, "20-25": 0.0111, "25-30": 0.0127, "30-40": 0.1446, "40-50": 0.5846, "50-": 0.0464}}, {"time": 74, "distance_buckets": {"0-5": 0.0002, "5-10": 0.0007, "10-15": 0.0012, "15-20": 0.0039, "20-25": 0.0136, "25-30": 0.0193, "30-40": 0.2148, "40-50": 0.5543, "50-": 0.052}}, {"time": 75, "distance_buckets": {"0-5": 0.0001, "5-10": 0.0005, "10-15": 0.0008, "15-20": 0.0021, "20-25": 0.0088, "25-30": 0.0177, "30-40": 0.3908, "40-50": 0.4202, "50-": 0.0195}}, {"time": 76, "distance_buckets": {"0-5": 0.0001, "5-10": 0.0004, "10-15": 0.0007, "15-20": 0.0025, "20-25": 0.009, "25-30": 0.0165, "30-40": 0.3178, "40-50": 0.4862, "50-": 0.0316}}, {"time": 77, "distance_buckets": {"0-5": 0.0001, "5-10": 0.0003, "10-15": 0.0003, "15-20": 0.001, "20-25": 0.0036, "25-30": 0.0084, "30-40": 0.2986, "40-50": 0.5603, "50-": 0.026}}, {"time": 78, "distance_buckets": {"0-5": 0.0002, "5-10": 0.0005, "10-15": 0.0007, "15-20": 0.0027, "20-25": 0.0065, "25-30": 0.0176, "30-40": 0.3214, "40-50": 0.5184, "50-": 0.0336}}, {"time": 79, "distance_buckets": {"0-5": 0.0001, "5-10": 0.0004, "10-15": 0.0003, "15-20": 0.0009, "20-25": 0.0026, "25-30": 0.0079, "30-40": 0.1847, "40-50": 0.6816, "50-": 0.0418}}], "cls_out": [{"time": 0, "cls_out": [0.0031, 0.9524, 0.025, 0.0059, 0.0136]}, {"time": 1, "cls_out": [0.0034, 0.8612, 0.0943, 0.0147, 0.0264]}, {"time": 2, "cls_out": [0.0049, 0.9816, 0.0079, 0.0022, 0.0033]}, {"time": 3, "cls_out": [0.0015, 0.9726, 0.016, 0.0039, 0.006]}, {"time": 4, "cls_out": [0.0026, 0.9837, 0.008, 0.0029, 0.0029]}, {"time": 5, "cls_out": [0.0013, 0.981, 0.0117, 0.0031, 0.0029]}, {"time": 6, "cls_out": [0.0008, 0.9885, 0.0063, 0.0027, 0.0016]}, {"time": 7, "cls_out": [0.0007, 0.992, 0.0041, 0.002, 0.0012]}, {"time": 8, "cls_out": [0.0009, 0.9929, 0.0034, 0.0013, 0.0015]}, {"time": 9, "cls_out": [0.0012, 0.9866, 0.0065, 0.0024, 0.0033]}, {"time": 10, "cls_out": [0.0006, 0.9944, 0.0027, 0.0009, 0.0013]}, {"time": 11, "cls_out": [0.0022, 0.9726, 0.0138, 0.005, 0.0064]}, {"time": 12, "cls_out": [0.0019, 0.9862, 0.0064, 0.0025, 0.003]}, {"time": 13, "cls_out": [0.0019, 0.9771, 0.0122, 0.0038, 0.005]}, {"time": 14, "cls_out": [0.0012, 0.9885, 0.006, 0.0022, 0.0021]}, {"time": 15, "cls_out": [0.0013, 0.983, 0.0093, 0.0031, 0.0033]}, {"time": 16, "cls_out": [0.0024, 0.9777, 0.0116, 0.0039, 0.0045]}, {"time": 17, "cls_out": [0.0021, 0.9724, 0.0152, 0.005, 0.0053]}, {"time": 18, "cls_out": [0.0016, 0.9762, 0.0125, 0.004, 0.0057]}, {"time": 19, "cls_out": [0.0014, 0.9801, 0.0096, 0.0038, 0.0051]}, {"time": 20, "cls_out": [0.0009, 0.9887, 0.0046, 0.0013, 0.0045]}, {"time": 21, "cls_out": [0.001, 0.9836, 0.0089, 0.0028, 0.0038]}, {"time": 22, "cls_out": [0.0013, 0.986, 0.0073, 0.0024, 0.003]}, {"time": 23, "cls_out": [0.0022, 0.9691, 0.0151, 0.0045, 0.0091]}, {"time": 24, "cls_out": [0.0018, 0.9827, 0.0087, 0.0028, 0.004]}, {"time": 25, "cls_out": [0.0008, 0.9901, 0.0052, 0.0017, 0.0022]}, {"time": 26, "cls_out": [0.0012, 0.9896, 0.0053, 0.0018, 0.0022]}, {"time": 27, "cls_out": [0.0005, 0.9945, 0.003, 0.0009, 0.0011]}, {"time": 28, "cls_out": [0.0002, 0.9972, 0.0014, 0.0004, 0.0007]}, {"time": 29, "cls_out": [0.0007, 0.9875, 0.0067, 0.0015, 0.0036]}, {"time": 30, "cls_out": [0.0004, 0.9949, 0.0028, 0.0007, 0.0012]}, {"time": 31, "cls_out": [0.0012, 0.9855, 0.0076, 0.0023, 0.0033]}, {"time": 32, "cls_out": [0.0012, 0.9876, 0.0062, 0.0014, 0.0036]}, {"time": 33, "cls_out": [0.0011, 0.989, 0.0055, 0.0015, 0.0028]}, {"time": 34, "cls_out": [0.0006, 0.9919, 0.0045, 0.0012, 0.0018]}, {"time": 35, "cls_out": [0.0009, 0.9878, 0.0067, 0.0018, 0.0029]}, {"time": 36, "cls_out": [0.0015, 0.98, 0.0115, 0.0032, 0.0038]}, {"time": 37, "cls_out": [0.0014, 0.9807, 0.0105, 0.0041, 0.0033]}, {"time": 38, "cls_out": [0.0004, 0.9949, 0.003, 0.0009, 0.0008]}, {"time": 39, "cls_out": [0.0007, 0.9882, 0.0069, 0.0019, 0.0023]}, {"time": 40, "cls_out": [0.0006, 0.9909, 0.0053, 0.0012, 0.002]}, {"time": 41, "cls_out": [0.0019, 0.9641, 0.0222, 0.0053, 0.0065]}, {"time": 42, "cls_out": [0.0024, 0.9742, 0.0148, 0.0043, 0.0044]}, {"time": 43, "cls_out": [0.0017, 0.98, 0.0111, 0.0035, 0.0037]}, {"time": 44, "cls_out": [0.0011, 0.9874, 0.0064, 0.0018, 0.0032]}, {"time": 45, "cls_out": [0.001, 0.9843, 0.0092, 0.0034, 0.0021]}, {"time": 46, "cls_out": [0.0003, 0.9952, 0.0029, 0.0007, 0.0008]}, {"time": 47, "cls_out": [0.0004, 0.9909, 0.0053, 0.0013, 0.0022]}, {"time": 48, "cls_out": [0.0002, 0.9961, 0.0022, 0.0007, 0.0008]}, {"time": 49, "cls_out": [0.0003, 0.9908, 0.0053, 0.0013, 0.0023]}, {"time": 50, "cls_out": [0.0002, 0.9979, 0.0012, 0.0003, 0.0005]}, {"time": 51, "cls_out": [0.0003, 0.9958, 0.0021, 0.0006, 0.0013]}, {"time": 52, "cls_out": [0.0005, 0.995, 0.0027, 0.0009, 0.0009]}, {"time": 53, "cls_out": [0.0005, 0.9911, 0.0047, 0.0016, 0.0021]}, {"time": 54, "cls_out": [0.0003, 0.9972, 0.0013, 0.0004, 0.0008]}, {"time": 55, "cls_out": [0.0003, 0.9948, 0.0029, 0.0007, 0.0013]}, {"time": 56, "cls_out": [0.0001, 0.9985, 0.0008, 0.0003, 0.0003]}, {"time": 57, "cls_out": [0.0005, 0.9933, 0.0035, 0.0012, 0.0015]}, {"time": 58, "cls_out": [0.0008, 0.9943, 0.0029, 0.001, 0.001]}, {"time": 59, "cls_out": [0.0003, 0.9946, 0.003, 0.0009, 0.0012]}, {"time": 60, "cls_out": [0.0006, 0.9944, 0.0029, 0.001, 0.0012]}, {"time": 61, "cls_out": [0.0004, 0.9921, 0.0042, 0.0012, 0.0021]}, {"time": 62, "cls_out": [0.0003, 0.9964, 0.0019, 0.0007, 0.0008]}, {"time": 63, "cls_out": [0.0004, 0.993, 0.0038, 0.0013, 0.0015]}, {"time": 64, "cls_out": [0.0004, 0.9967, 0.0016, 0.0008, 0.0005]}, {"time": 65, "cls_out": [0.0008, 0.9864, 0.0076, 0.0028, 0.0025]}, {"time": 66, "cls_out": [0.0013, 0.9909, 0.0047, 0.0016, 0.0015]}, {"time": 67, "cls_out": [0.0009, 0.989, 0.0064, 0.0021, 0.0016]}, {"time": 68, "cls_out": [0.0004, 0.9942, 0.0036, 0.0011, 0.0007]}, {"time": 69, "cls_out": [0.0004, 0.992, 0.0051, 0.0013, 0.0012]}, {"time": 70, "cls_out": [0.0005, 0.9935, 0.0037, 0.0011, 0.0012]}, {"time": 71, "cls_out": [0.0003, 0.9965, 0.002, 0.0007, 0.0006]}, {"time": 72, "cls_out": [0.0003, 0.997, 0.0016, 0.0006, 0.0005]}, {"time": 73, "cls_out": [0.0001, 0.9985, 0.0008, 0.0002, 0.0004]}, {"time": 74, "cls_out": [0.0003, 0.9966, 0.0018, 0.0006, 0.0007]}, {"time": 75, "cls_out": [0.0003, 0.9967, 0.0016, 0.0006, 0.0008]}, {"time": 76, "cls_out": [0.0001, 0.9989, 0.0005, 0.0002, 0.0003]}, {"time": 77, "cls_out": [0.0002, 0.9966, 0.0017, 0.0005, 0.001]}, {"time": 78, "cls_out": [0.0002, 0.9977, 0.0012, 0.0004, 0.0005]}, {"time": 79, "cls_out": [0.0002, 0.9969, 0.0018, 0.0005, 0.0006]}], "statistics": {}, "cam_init": {"init_status": 3, "horizon": {"coef_a": 0.0, "coef_b": -0.0033, "coef_c": 1.0}, "camera_height": 1.9135, "plane_normal": {"x": 0.0002, "y": -1.0, "z": -0.0042}, "vanishing_point": {"x": 643.6381, "y": 300.1292}, "rectified_lane_scale": 1045.563, "homography_ipm": {"hx": {"x": 1.0002, "y": -0.9852, "z": -332.3459}, "hy": {"x": 0.0001, "y": -0.4707, "z": -495.9139}, "hz": {"x": 0.0, "y": -0.0016, "z": 0.4706}}}}