{"lanes": [{"time": 0, "lane_lines": []}, {"time": 1, "lane_lines": []}, {"time": 2, "lane_lines": []}, {"time": 3, "lane_lines": []}, {"time": 4, "lane_lines": []}, {"time": 5, "lane_lines": []}, {"time": 6, "lane_lines": []}, {"time": 7, "lane_lines": []}, {"time": 8, "lane_lines": []}, {"time": 9, "lane_lines": []}, {"time": 10, "lane_lines": []}, {"time": 11, "lane_lines": []}, {"time": 12, "lane_lines": []}, {"time": 13, "lane_lines": []}, {"time": 14, "lane_lines": []}, {"time": 15, "lane_lines": []}, {"time": 16, "lane_lines": []}, {"time": 17, "lane_lines": []}, {"time": 18, "lane_lines": []}, {"time": 19, "lane_lines": []}, {"time": 20, "lane_lines": []}, {"time": 21, "lane_lines": []}, {"time": 22, "lane_lines": []}, {"time": 23, "lane_lines": []}, {"time": 24, "lane_lines": []}, {"time": 25, "lane_lines": []}, {"time": 26, "lane_lines": []}, {"time": 27, "lane_lines": []}, {"time": 28, "lane_lines": []}, {"time": 29, "lane_lines": []}, {"time": 30, "lane_lines": []}, {"time": 31, "lane_lines": []}, {"time": 32, "lane_lines": []}, {"time": 33, "lane_lines": []}, {"time": 34, "lane_lines": []}, {"time": 35, "lane_lines": []}, {"time": 36, "lane_lines": []}, {"time": 37, "lane_lines": []}, {"time": 38, "lane_lines": []}, {"time": 39, "lane_lines": []}, {"time": 40, "lane_lines": []}, {"time": 41, "lane_lines": []}, {"time": 42, "lane_lines": []}, {"time": 43, "lane_lines": []}, {"time": 44, "lane_lines": []}, {"time": 45, "lane_lines": []}, {"time": 46, "lane_lines": []}, {"time": 47, "lane_lines": []}, {"time": 48, "lane_lines": []}, {"time": 49, "lane_lines": []}, {"time": 50, "lane_lines": []}, {"time": 51, "lane_lines": []}, {"time": 52, "lane_lines": []}, {"time": 53, "lane_lines": []}, {"time": 54, "lane_lines": []}, {"time": 55, "lane_lines": []}, {"time": 56, "lane_lines": []}, {"time": 57, "lane_lines": []}, {"time": 58, "lane_lines": []}, {"time": 59, "lane_lines": []}, {"time": 60, "lane_lines": []}, {"time": 61, "lane_lines": []}, {"time": 62, "lane_lines": []}, {"time": 63, "lane_lines": []}, {"time": 64, "lane_lines": []}, {"time": 65, "lane_lines": []}, {"time": 66, "lane_lines": []}, {"time": 67, "lane_lines": []}, {"time": 68, "lane_lines": []}, {"time": 69, "lane_lines": []}, {"time": 70, "lane_lines": []}, {"time": 71, "lane_lines": []}, {"time": 72, "lane_lines": []}, {"time": 73, "lane_lines": []}, {"time": 74, "lane_lines": []}, {"time": 75, "lane_lines": []}, {"time": 76, "lane_lines": []}, {"time": 77, "lane_lines": []}, {"time": 78, "lane_lines": []}, {"time": 79, "lane_lines": []}], "vehicles": [{"time": 0, "vehicles": [{"box": {"x": 614.0, "y": 247.0, "width": 96.0, "height": 130.0}, "distance": 12.5, "label": 1.0, "confidence": 0.58, "vehicle_id": -1.0, "lane_num": 0.0}, {"box": {"x": 572.0, "y": 297.0, "width": 30.0, "height": 30.0}, "distance": 17.5, "label": 0.0, "confidence": 0.34, "vehicle_id": -1.0, "lane_num": -2.0}]}, {"time": 1, "vehicles": []}, {"time": 2, "vehicles": [{"box": {"x": 440.0, "y": 299.0, "width": 29.0, "height": 17.0}, "distance": 7.5, "label": 0.0, "confidence": 0.82, "vehicle_id": -1.0, "lane_num": -2.0}, {"box": {"x": 575.0, "y": 297.0, "width": 31.0, "height": 29.0}, "distance": 12.5, "label": 0.0, "confidence": 0.77, "vehicle_id": -1.0, "lane_num": -1.0}, {"box": {"x": 612.0, "y": 243.0, "width": 98.0, "height": 134.0}, "distance": 12.5, "label": 1.0, "confidence": 0.75, "vehicle_id": -1.0, "lane_num": 0.0}]}, {"time": 3, "vehicles": [{"box": {"x": 259.0, "y": 302.0, "width": 74.0, "height": 29.0}, "distance": 7.5, "label": 0.0, "confidence": 0.63, "vehicle_id": -1.0, "lane_num": -2.0}, {"box": {"x": 575.0, "y": 296.0, "width": 32.0, "height": 30.0}, "distance": 17.5, "label": 0.0, "confidence": 0.61, "vehicle_id": -1.0, "lane_num": -1.0}, {"box": {"x": 612.0, "y": 242.0, "width": 98.0, "height": 134.0}, "distance": 12.5, "label": 1.0, "confidence": 0.36, "vehicle_id": -1.0, "lane_num": 0.0}]}, {"time": 4, "vehicles": [{"box": {"x": 575.0, "y": 296.0, "width": 31.0, "height": 29.0}, "distance": 35.0, "label": 0.0, "confidence": 0.86, "vehicle_id": -1.0, "lane_num": -1.0}, {"box": {"x": 612.0, "y": 243.0, "width": 98.0, "height": 133.0}, "distance": 12.5, "label": 1.0, "confidence": 0.84, "vehicle_id": -1.0, "lane_num": 0.0}, {"box": {"x": 481.0, "y": 298.0, "width": 21.0, "height": 12.0}, "distance": 7.5, "label": 0.0, "confidence": 0.54, "vehicle_id": -1.0, "lane_num": -2.0}, {"box": {"x": 453.0, "y": 298.0, "width": 24.0, "height": 14.0}, "distance": 7.5, "label": 0.0, "confidence": 0.4, "vehicle_id": -1.0, "lane_num": -2.0}]}, {"time": 5, "vehicles": []}, {"time": 6, "vehicles": [{"box": {"x": 576.0, "y": 299.0, "width": 30.0, "height": 29.0}, "distance": 35.0, "label": 0.0, "confidence": 0.85, "vehicle_id": -1.0, "lane_num": -1.0}, {"box": {"x": 615.0, "y": 251.0, "width": 94.0, "height": 125.0}, "distance": 12.5, "label": 1.0, "confidence": 0.8, "vehicle_id": -1.0, "lane_num": 0.0}, {"box": {"x": 609.0, "y": 298.0, "width": 11.0, "height": 12.0}, "distance": 17.5, "label": 0.0, "confidence": 0.36, "vehicle_id": -1.0, "lane_num": -1.0}]}, {"time": 7, "vehicles": []}, {"time": 8, "vehicles": [{"box": {"x": 618.0, "y": 249.0, "width": 85.0, "height": 118.0}, "distance": 17.5, "label": 1.0, "confidence": 0.82, "vehicle_id": -1.0, "lane_num": 0.0}, {"box": {"x": 576.0, "y": 293.0, "width": 30.0, "height": 30.0}, "distance": 45.0, "label": 0.0, "confidence": 0.69, "vehicle_id": -1.0, "lane_num": -1.0}, {"box": {"x": 423.0, "y": 295.0, "width": 37.0, "height": 20.0}, "distance": 7.5, "label": 0.0, "confidence": 0.67, "vehicle_id": -1.0, "lane_num": -2.0}]}, {"time": 9, "vehicles": [{"box": {"x": 444.0, "y": 279.0, "width": 52.0, "height": 34.0}, "distance": 7.5, "label": 1.0, "confidence": 0.82, "vehicle_id": -1.0, "lane_num": -2.0}, {"box": {"x": 619.0, "y": 250.0, "width": 84.0, "height": 114.0}, "distance": 17.5, "label": 1.0, "confidence": 0.81, "vehicle_id": -1.0, "lane_num": 0.0}, {"box": {"x": 574.0, "y": 293.0, "width": 31.0, "height": 30.0}, "distance": 45.0, "label": 0.0, "confidence": 0.69, "vehicle_id": -1.0, "lane_num": -1.0}, {"box": {"x": 221.0, "y": 303.0, "width": 83.0, "height": 34.0}, "distance": 7.5, "label": 0.0, "confidence": 0.65, "vehicle_id": -1.0, "lane_num": -2.0}, {"box": {"x": 418.0, "y": 297.0, "width": 31.0, "height": 19.0}, "distance": 7.5, "label": 0.0, "confidence": 0.47, "vehicle_id": -1.0, "lane_num": -2.0}, {"box": {"x": 497.0, "y": 293.0, "width": 15.0, "height": 13.0}, "distance": 7.5, "label": 0.0, "confidence": 0.35, "vehicle_id": -1.0, "lane_num": -2.0}]}, {"time": 10, "vehicles": [{"box": {"x": 183.0, "y": 265.0, "width": 161.0, "height": 73.0}, "distance": 12.5, "label": 1.0, "confidence": 0.65, "vehicle_id": -1.0, "lane_num": -2.0}]}, {"time": 11, "vehicles": [{"box": {"x": 212.0, "y": 301.0, "width": 87.0, "height": 38.0}, "distance": 7.5, "label": 0.0, "confidence": 0.74, "vehicle_id": -1.0, "lane_num": -2.0}, {"box": {"x": 572.0, "y": 295.0, "width": 32.0, "height": 31.0}, "distance": 45.0, "label": 0.0, "confidence": 0.62, "vehicle_id": -1.0, "lane_num": -1.0}, {"box": {"x": 469.0, "y": 294.0, "width": 24.0, "height": 18.0}, "distance": 7.5, "label": 0.0, "confidence": 0.52, "vehicle_id": -1.0, "lane_num": -2.0}, {"box": {"x": 392.0, "y": 294.0, "width": 59.0, "height": 27.0}, "distance": 7.5, "label": 2.0, "confidence": 0.44, "vehicle_id": -1.0, "lane_num": -2.0}, {"box": {"x": 621.0, "y": 248.0, "width": 85.0, "height": 117.0}, "distance": 17.5, "label": 1.0, "confidence": 0.4, "vehicle_id": -1.0, "lane_num": 0.0}]}, {"time": 12, "vehicles": [{"box": {"x": 621.0, "y": 249.0, "width": 89.0, "height": 121.0}, "distance": 12.5, "label": 1.0, "confidence": 0.91, "vehicle_id": -1.0, "lane_num": 0.0}, {"box": {"x": 570.0, "y": 295.0, "width": 35.0, "height": 31.0}, "distance": 35.0, "label": 0.0, "confidence": 0.87, "vehicle_id": -1.0, "lane_num": -1.0}, {"box": {"x": 409.0, "y": 290.0, "width": 61.0, "height": 28.0}, "distance": 7.5, "label": 2.0, "confidence": 0.81, "vehicle_id": -1.0, "lane_num": -2.0}, {"box": {"x": 334.0, "y": 298.0, "width": 52.0, "height": 28.0}, "distance": 17.5, "label": 2.0, "confidence": 0.68, "vehicle_id": -1.0, "lane_num": -2.0}, {"box": {"x": 509.0, "y": 294.0, "width": 19.0, "height": 13.0}, "distance": 7.5, "label": 0.0, "confidence": 0.48, "vehicle_id": -1.0, "lane_num": -2.0}, {"box": {"x": 611.0, "y": 291.0, "width": 15.0, "height": 16.0}, "distance": 7.5, "label": 0.0, "confidence": 0.45, "vehicle_id": -1.0, "lane_num": -1.0}, {"box": {"x": 481.0, "y": 297.0, "width": 19.0, "height": 14.0}, "distance": 7.5, "label": 0.0, "confidence": 0.35, "vehicle_id": -1.0, "lane_num": -2.0}]}, {"time": 13, "vehicles": [{"box": {"x": 623.0, "y": 243.0, "width": 92.0, "height": 124.0}, "distance": 12.5, "label": 1.0, "confidence": 0.92, "vehicle_id": -1.0, "lane_num": 0.0}, {"box": {"x": 570.0, "y": 293.0, "width": 35.0, "height": 33.0}, "distance": 35.0, "label": 0.0, "confidence": 0.88, "vehicle_id": -1.0, "lane_num": -1.0}, {"box": {"x": 390.0, "y": 297.0, "width": 42.0, "height": 21.0}, "distance": 7.5, "label": 0.0, "confidence": 0.74, "vehicle_id": -1.0, "lane_num": -2.0}, {"box": {"x": 461.0, "y": 295.0, "width": 21.0, "height": 15.0}, "distance": 7.5, "label": 0.0, "confidence": 0.47, "vehicle_id": -1.0, "lane_num": -2.0}, {"box": {"x": 430.0, "y": 296.0, "width": 28.0, "height": 18.0}, "distance": 7.5, "label": 0.0, "confidence": 0.44, "vehicle_id": -1.0, "lane_num": -2.0}, {"box": {"x": 612.0, "y": 290.0, "width": 15.0, "height": 16.0}, "distance": 35.0, "label": 0.0, "confidence": 0.43, "vehicle_id": -1.0, "lane_num": -1.0}, {"box": {"x": 512.0, "y": 293.0, "width": 19.0, "height": 12.0}, "distance": 7.5, "label": 0.0, "confidence": 0.35, "vehicle_id": -1.0, "lane_num": -2.0}, {"box": {"x": 536.0, "y": 294.0, "width": 12.0, "height": 9.0}, "distance": 12.5, "label": 0.0, "confidence": 0.34, "vehicle_id": -1.0, "lane_num": -2.0}]}, {"time": 14, "vehicles": [{"box": {"x": 567.0, "y": 295.0, "width": 37.0, "height": 36.0}, "distance": 35.0, "label": 0.0, "confidence": 0.76, "vehicle_id": -1.0, "lane_num": -1.0}, {"box": {"x": 624.0, "y": 242.0, "width": 95.0, "height": 133.0}, "distance": 12.5, "label": 1.0, "confidence": 0.71, "vehicle_id": -1.0, "lane_num": 0.0}, {"box": {"x": 313.0, "y": 301.0, "width": 60.0, "height": 28.0}, "distance": 7.5, "label": 0.0, "confidence": 0.66, "vehicle_id": -1.0, "lane_num": -2.0}, {"box": {"x": 611.0, "y": 296.0, "width": 15.0, "height": 15.0}, "distance": 75.0, "label": 0.0, "confidence": 0.44, "vehicle_id": -1.0, "lane_num": -1.0}, {"box": {"x": 502.0, "y": 299.0, "width": 17.0, "height": 11.0}, "distance": 7.5, "label": 0.0, "confidence": 0.38, "vehicle_id": -1.0, "lane_num": -2.0}, {"box": {"x": 430.0, "y": 298.0, "width": 45.0, "height": 20.0}, "distance": 7.5, "label": 0.0, "confidence": 0.37, "vehicle_id": -1.0, "lane_num": -2.0}]}, {"time": 15, "vehicles": [{"box": {"x": 566.0, "y": 295.0, "width": 36.0, "height": 35.0}, "distance": 35.0, "label": 0.0, "confidence": 0.78, "vehicle_id": -1.0, "lane_num": -1.0}, {"box": {"x": 82.0, "y": 296.0, "width": 183.0, "height": 56.0}, "distance": 12.5, "label": 2.0, "confidence": 0.63, "vehicle_id": -1.0, "lane_num": -2.0}, {"box": {"x": 290.0, "y": 309.0, "width": 61.0, "height": 21.0}, "distance": 12.5, "label": 0.0, "confidence": 0.53, "vehicle_id": -1.0, "lane_num": -2.0}, {"box": {"x": 464.0, "y": 292.0, "width": 30.0, "height": 21.0}, "distance": 7.5, "label": 1.0, "confidence": 0.38, "vehicle_id": -1.0, "lane_num": -2.0}, {"box": {"x": 609.0, "y": 296.0, "width": 16.0, "height": 15.0}, "distance": 12.5, "label": 0.0, "confidence": 0.38, "vehicle_id": -1.0, "lane_num": -1.0}]}, {"time": 16, "vehicles": [{"box": {"x": 565.0, "y": 296.0, "width": 39.0, "height": 38.0}, "distance": 35.0, "label": 0.0, "confidence": 0.85, "vehicle_id": -1.0, "lane_num": -1.0}, {"box": {"x": 624.0, "y": 242.0, "width": 101.0, "height": 136.0}, "distance": 12.5, "label": 1.0, "confidence": 0.73, "vehicle_id": -1.0, "lane_num": 0.0}, {"box": {"x": 306.0, "y": 309.0, "width": 74.0, "height": 22.0}, "distance": 7.5, "label": 0.0, "confidence": 0.7, "vehicle_id": -1.0, "lane_num": -2.0}, {"box": {"x": 258.0, "y": 306.0, "width": 61.0, "height": 30.0}, "distance": 7.5, "label": 0.0, "confidence": 0.48, "vehicle_id": -1.0, "lane_num": -2.0}, {"box": {"x": 612.0, "y": 297.0, "width": 16.0, "height": 15.0}, "distance": 12.5, "label": 0.0, "confidence": 0.33, "vehicle_id": -1.0, "lane_num": -1.0}]}, {"time": 17, "vehicles": [{"box": {"x": 318.0, "y": 303.0, "width": 61.0, "height": 27.0}, "distance": 7.5, "label": 0.0, "confidence": 0.74, "vehicle_id": -1.0, "lane_num": -2.0}, {"box": {"x": 566.0, "y": 296.0, "width": 39.0, "height": 38.0}, "distance": 35.0, "label": 0.0, "confidence": 0.7, "vehicle_id": -1.0, "lane_num": -1.0}]}, {"time": 18, "vehicles": [{"box": {"x": 563.0, "y": 295.0, "width": 42.0, "height": 38.0}, "distance": 22.5, "label": 0.0, "confidence": 0.85, "vehicle_id": -1.0, "lane_num": -1.0}, {"box": {"x": 625.0, "y": 237.0, "width": 104.0, "height": 138.0}, "distance": 12.5, "label": 1.0, "confidence": 0.79, "vehicle_id": -1.0, "lane_num": 0.0}, {"box": {"x": 404.0, "y": 302.0, "width": 32.0, "height": 18.0}, "distance": 7.5, "label": 0.0, "confidence": 0.67, "vehicle_id": -1.0, "lane_num": -2.0}, {"box": {"x": 476.0, "y": 300.0, "width": 26.0, "height": 13.0}, "distance": 7.5, "label": 0.0, "confidence": 0.62, "vehicle_id": -1.0, "lane_num": -2.0}, {"box": {"x": 353.0, "y": 303.0, "width": 54.0, "height": 20.0}, "distance": 7.5, "label": 0.0, "confidence": 0.57, "vehicle_id": -1.0, "lane_num": -2.0}]}, {"time": 19, "vehicles": [{"box": {"x": 71.0, "y": 309.0, "width": 123.0, "height": 49.0}, "distance": 12.5, "label": 0.0, "confidence": 0.87, "vehicle_id": -1.0, "lane_num": -2.0}, {"box": {"x": 561.0, "y": 297.0, "width": 41.0, "height": 39.0}, "distance": 35.0, "label": 0.0, "confidence": 0.66, "vehicle_id": -1.0, "lane_num": -1.0}, {"box": {"x": 404.0, "y": 300.0, "width": 40.0, "height": 21.0}, "distance": 7.5, "label": 0.0, "confidence": 0.55, "vehicle_id": -1.0, "lane_num": -2.0}, {"box": {"x": 329.0, "y": 305.0, "width": 60.0, "height": 23.0}, "distance": 7.5, "label": 0.0, "confidence": 0.5, "vehicle_id": -1.0, "lane_num": -2.0}, {"box": {"x": 624.0, "y": 241.0, "width": 103.0, "height": 137.0}, "distance": 12.5, "label": 1.0, "confidence": 0.49, "vehicle_id": -1.0, "lane_num": 0.0}, {"box": {"x": 506.0, "y": 300.0, "width": 19.0, "height": 11.0}, "distance": 7.5, "label": 0.0, "confidence": 0.46, "vehicle_id": -1.0, "lane_num": -2.0}]}, {"time": 20, "vehicles": [{"box": {"x": 559.0, "y": 294.0, "width": 43.0, "height": 41.0}, "distance": 35.0, "label": 0.0, "confidence": 0.85, "vehicle_id": -1.0, "lane_num": -1.0}, {"box": {"x": 623.0, "y": 239.0, "width": 101.0, "height": 137.0}, "distance": 12.5, "label": 1.0, "confidence": 0.75, "vehicle_id": -1.0, "lane_num": 0.0}, {"box": {"x": 348.0, "y": 299.0, "width": 70.0, "height": 26.0}, "distance": 7.5, "label": 0.0, "confidence": 0.63, "vehicle_id": -1.0, "lane_num": -2.0}, {"box": {"x": 112.0, "y": 301.0, "width": 120.0, "height": 48.0}, "distance": 12.5, "label": 2.0, "confidence": 0.62, "vehicle_id": -1.0, "lane_num": -2.0}, {"box": {"x": 608.0, "y": 295.0, "width": 15.0, "height": 15.0}, "distance": 75.0, "label": 0.0, "confidence": 0.45, "vehicle_id": -1.0, "lane_num": -1.0}, {"box": {"x": 484.0, "y": 298.0, "width": 23.0, "height": 14.0}, "distance": 7.5, "label": 0.0, "confidence": 0.32, "vehicle_id": -1.0, "lane_num": -2.0}]}, {"time": 21, "vehicles": [{"box": {"x": 557.0, "y": 295.0, "width": 42.0, "height": 39.0}, "distance": 17.5, "label": 0.0, "confidence": 0.84, "vehicle_id": -1.0, "lane_num": -1.0}, {"box": {"x": 623.0, "y": 240.0, "width": 100.0, "height": 137.0}, "distance": 12.5, "label": 1.0, "confidence": 0.69, "vehicle_id": -1.0, "lane_num": 0.0}, {"box": {"x": 364.0, "y": 301.0, "width": 52.0, "height": 24.0}, "distance": 7.5, "label": 0.0, "confidence": 0.65, "vehicle_id": -1.0, "lane_num": -2.0}, {"box": {"x": 607.0, "y": 296.0, "width": 16.0, "height": 14.0}, "distance": 75.0, "label": 0.0, "confidence": 0.51, "vehicle_id": -1.0, "lane_num": -1.0}]}, {"time": 22, "vehicles": [{"box": {"x": 555.0, "y": 297.0, "width": 45.0, "height": 40.0}, "distance": 22.5, "label": 0.0, "confidence": 0.87, "vehicle_id": -1.0, "lane_num": -1.0}, {"box": {"x": 621.0, "y": 242.0, "width": 99.0, "height": 135.0}, "distance": 12.5, "label": 1.0, "confidence": 0.6, "vehicle_id": -1.0, "lane_num": 0.0}, {"box": {"x": 607.0, "y": 297.0, "width": 17.0, "height": 16.0}, "distance": 75.0, "label": 0.0, "confidence": 0.37, "vehicle_id": -1.0, "lane_num": -1.0}]}, {"time": 23, "vehicles": []}, {"time": 24, "vehicles": [{"box": {"x": 554.0, "y": 298.0, "width": 44.0, "height": 41.0}, "distance": 17.5, "label": 0.0, "confidence": 0.79, "vehicle_id": -1.0, "lane_num": -1.0}, {"box": {"x": 616.0, "y": 246.0, "width": 97.0, "height": 131.0}, "distance": 12.5, "label": 1.0, "confidence": 0.75, "vehicle_id": -1.0, "lane_num": 0.0}]}, {"time": 25, "vehicles": [{"box": {"x": 553.0, "y": 297.0, "width": 46.0, "height": 42.0}, "distance": 17.5, "label": 0.0, "confidence": 0.79, "vehicle_id": -1.0, "lane_num": -1.0}, {"box": {"x": 616.0, "y": 246.0, "width": 97.0, "height": 131.0}, "distance": 12.5, "label": 1.0, "confidence": 0.7, "vehicle_id": -1.0, "lane_num": 0.0}]}, {"time": 26, "vehicles": [{"box": {"x": 555.0, "y": 296.0, "width": 46.0, "height": 42.0}, "distance": 22.5, "label": 0.0, "confidence": 0.9, "vehicle_id": -1.0, "lane_num": -1.0}, {"box": {"x": 616.0, "y": 244.0, "width": 100.0, "height": 133.0}, "distance": 12.5, "label": 1.0, "confidence": 0.84, "vehicle_id": -1.0, "lane_num": 0.0}, {"box": {"x": 494.0, "y": 301.0, "width": 18.0, "height": 11.0}, "distance": 7.5, "label": 0.0, "confidence": 0.55, "vehicle_id": -1.0, "lane_num": -2.0}, {"box": {"x": 611.0, "y": 300.0, "width": 13.0, "height": 13.0}, "distance": 17.5, "label": 0.0, "confidence": 0.45, "vehicle_id": -1.0, "lane_num": -1.0}]}, {"time": 27, "vehicles": [{"box": {"x": 366.0, "y": 301.0, "width": 55.0, "height": 25.0}, "distance": 35.0, "label": 0.0, "confidence": 0.32, "vehicle_id": -1.0, "lane_num": -2.0}]}, {"time": 28, "vehicles": []}, {"time": 29, "vehicles": []}, {"time": 30, "vehicles": [{"box": {"x": 554.0, "y": 297.0, "width": 45.0, "height": 41.0}, "distance": 17.5, "label": 0.0, "confidence": 0.84, "vehicle_id": -1.0, "lane_num": -1.0}, {"box": {"x": 608.0, "y": 299.0, "width": 15.0, "height": 16.0}, "distance": 17.5, "label": 0.0, "confidence": 0.67, "vehicle_id": -1.0, "lane_num": -1.0}, {"box": {"x": 624.0, "y": 243.0, "width": 92.0, "height": 130.0}, "distance": 12.5, "label": 1.0, "confidence": 0.56, "vehicle_id": -1.0, "lane_num": 0.0}]}, {"time": 31, "vehicles": [{"box": {"x": 862.0, "y": 325.0, "width": 12.0, "height": 10.0}, "distance": 12.5, "label": 0.0, "confidence": 0.65, "vehicle_id": -1.0, "lane_num": 2.0}, {"box": {"x": 875.0, "y": 335.0, "width": 13.0, "height": 11.0}, "distance": 12.5, "label": 0.0, "confidence": 0.53, "vehicle_id": -1.0, "lane_num": 2.0}]}, {"time": 32, "vehicles": [{"box": {"x": 908.0, "y": 332.0, "width": 14.0, "height": 12.0}, "distance": 12.5, "label": 0.0, "confidence": 0.61, "vehicle_id": -1.0, "lane_num": 2.0}, {"box": {"x": 885.0, "y": 321.0, "width": 13.0, "height": 10.0}, "distance": 75.0, "label": 0.0, "confidence": 0.59, "vehicle_id": -1.0, "lane_num": 2.0}, {"box": {"x": 623.0, "y": 249.0, "width": 91.0, "height": 125.0}, "distance": 12.5, "label": 1.0, "confidence": 0.51, "vehicle_id": -1.0, "lane_num": 0.0}, {"box": {"x": 843.0, "y": 320.0, "width": 19.0, "height": 12.0}, "distance": 12.5, "label": 0.0, "confidence": 0.45, "vehicle_id": -1.0, "lane_num": 2.0}, {"box": {"x": 555.0, "y": 297.0, "width": 43.0, "height": 42.0}, "distance": 17.5, "label": 0.0, "confidence": 0.41, "vehicle_id": -1.0, "lane_num": -2.0}]}, {"time": 33, "vehicles": []}, {"time": 34, "vehicles": [{"box": {"x": 902.0, "y": 326.0, "width": 26.0, "height": 17.0}, "distance": 7.5, "label": 0.0, "confidence": 0.32, "vehicle_id": -1.0, "lane_num": 2.0}]}, {"time": 35, "vehicles": []}, {"time": 36, "vehicles": [{"box": {"x": 615.0, "y": 248.0, "width": 91.0, "height": 123.0}, "distance": 12.5, "label": 1.0, "confidence": 0.42, "vehicle_id": -1.0, "lane_num": 0.0}]}, {"time": 37, "vehicles": [{"box": {"x": 400.0, "y": 263.0, "width": 108.0, "height": 57.0}, "distance": 12.5, "label": 1.0, "confidence": 0.76, "vehicle_id": -1.0, "lane_num": -2.0}, {"box": {"x": 558.0, "y": 296.0, "width": 43.0, "height": 40.0}, "distance": 17.5, "label": 0.0, "confidence": 0.54, "vehicle_id": -1.0, "lane_num": -1.0}, {"box": {"x": 613.0, "y": 248.0, "width": 89.0, "height": 121.0}, "distance": 12.5, "label": 1.0, "confidence": 0.49, "vehicle_id": -1.0, "lane_num": 0.0}]}, {"time": 38, "vehicles": [{"box": {"x": 3.0, "y": 212.0, "width": 397.0, "height": 146.0}, "distance": 12.5, "label": 1.0, "confidence": 0.6, "vehicle_id": -1.0, "lane_num": -2.0}, {"box": {"x": 556.0, "y": 297.0, "width": 42.0, "height": 39.0}, "distance": 17.5, "label": 0.0, "confidence": 0.37, "vehicle_id": -1.0, "lane_num": -1.0}]}, {"time": 39, "vehicles": []}, {"time": 40, "vehicles": []}, {"time": 41, "vehicles": [{"box": {"x": 553.0, "y": 296.0, "width": 42.0, "height": 38.0}, "distance": 17.5, "label": 0.0, "confidence": 0.52, "vehicle_id": -1.0, "lane_num": -2.0}]}, {"time": 42, "vehicles": [{"box": {"x": 608.0, "y": 270.0, "width": 85.0, "height": 113.0}, "distance": 17.5, "label": 1.0, "confidence": 0.45, "vehicle_id": -1.0, "lane_num": 0.0}, {"box": {"x": 552.0, "y": 314.0, "width": 43.0, "height": 39.0}, "distance": 17.5, "label": 0.0, "confidence": 0.36, "vehicle_id": -1.0, "lane_num": -1.0}]}, {"time": 43, "vehicles": [{"box": {"x": 608.0, "y": 255.0, "width": 82.0, "height": 113.0}, "distance": 12.5, "label": 1.0, "confidence": 0.63, "vehicle_id": -1.0, "lane_num": 0.0}, {"box": {"x": 548.0, "y": 298.0, "width": 43.0, "height": 40.0}, "distance": 17.5, "label": 0.0, "confidence": 0.62, "vehicle_id": -1.0, "lane_num": -1.0}]}, {"time": 44, "vehicles": [{"box": {"x": 550.0, "y": 298.0, "width": 43.0, "height": 39.0}, "distance": 35.0, "label": 0.0, "confidence": 0.87, "vehicle_id": -1.0, "lane_num": -1.0}, {"box": {"x": 610.0, "y": 255.0, "width": 81.0, "height": 114.0}, "distance": 17.5, "label": 1.0, "confidence": 0.83, "vehicle_id": -1.0, "lane_num": 0.0}, {"box": {"x": 359.0, "y": 302.0, "width": 56.0, "height": 25.0}, "distance": 7.5, "label": 0.0, "confidence": 0.72, "vehicle_id": -1.0, "lane_num": -2.0}, {"box": {"x": 488.0, "y": 297.0, "width": 30.0, "height": 18.0}, "distance": 45.0, "label": 2.0, "confidence": 0.39, "vehicle_id": -1.0, "lane_num": -2.0}]}, {"time": 45, "vehicles": [{"box": {"x": 550.0, "y": 296.0, "width": 41.0, "height": 39.0}, "distance": 35.0, "label": 0.0, "confidence": 0.83, "vehicle_id": -1.0, "lane_num": -1.0}, {"box": {"x": 223.0, "y": 295.0, "width": 140.0, "height": 43.0}, "distance": 12.5, "label": 2.0, "confidence": 0.78, "vehicle_id": -1.0, "lane_num": -2.0}, {"box": {"x": 611.0, "y": 254.0, "width": 82.0, "height": 112.0}, "distance": 12.5, "label": 1.0, "confidence": 0.76, "vehicle_id": -1.0, "lane_num": 0.0}, {"box": {"x": 469.0, "y": 297.0, "width": 25.0, "height": 17.0}, "distance": 7.5, "label": 0.0, "confidence": 0.63, "vehicle_id": -1.0, "lane_num": -2.0}, {"box": {"x": 603.0, "y": 295.0, "width": 14.0, "height": 14.0}, "distance": 12.5, "label": 0.0, "confidence": 0.42, "vehicle_id": -1.0, "lane_num": -1.0}]}, {"time": 46, "vehicles": [{"box": {"x": 549.0, "y": 296.0, "width": 43.0, "height": 39.0}, "distance": 35.0, "label": 0.0, "confidence": 0.9, "vehicle_id": -1.0, "lane_num": -1.0}, {"box": {"x": 301.0, "y": 301.0, "width": 69.0, "height": 30.0}, "distance": 7.5, "label": 0.0, "confidence": 0.74, "vehicle_id": -1.0, "lane_num": -2.0}, {"box": {"x": 609.0, "y": 255.0, "width": 83.0, "height": 110.0}, "distance": 17.5, "label": 2.0, "confidence": 0.62, "vehicle_id": -1.0, "lane_num": 0.0}, {"box": {"x": 603.0, "y": 296.0, "width": 13.0, "height": 16.0}, "distance": 12.5, "label": 0.0, "confidence": 0.43, "vehicle_id": -1.0, "lane_num": -1.0}, {"box": {"x": 521.0, "y": 296.0, "width": 22.0, "height": 12.0}, "distance": 17.5, "label": 2.0, "confidence": 0.35, "vehicle_id": -1.0, "lane_num": -2.0}]}, {"time": 47, "vehicles": [{"box": {"x": 549.0, "y": 297.0, "width": 43.0, "height": 39.0}, "distance": 35.0, "label": 0.0, "confidence": 0.89, "vehicle_id": -1.0, "lane_num": -1.0}, {"box": {"x": 425.0, "y": 299.0, "width": 42.0, "height": 20.0}, "distance": 7.5, "label": 0.0, "confidence": 0.83, "vehicle_id": -1.0, "lane_num": -2.0}, {"box": {"x": 603.0, "y": 297.0, "width": 14.0, "height": 17.0}, "distance": 17.5, "label": 0.0, "confidence": 0.6, "vehicle_id": -1.0, "lane_num": -1.0}, {"box": {"x": 612.0, "y": 254.0, "width": 79.0, "height": 112.0}, "distance": 12.5, "label": 1.0, "confidence": 0.55, "vehicle_id": -1.0, "lane_num": 0.0}]}, {"time": 48, "vehicles": [{"box": {"x": 549.0, "y": 297.0, "width": 44.0, "height": 39.0}, "distance": 35.0, "label": 0.0, "confidence": 0.91, "vehicle_id": -1.0, "lane_num": -1.0}, {"box": {"x": 602.0, "y": 296.0, "width": 16.0, "height": 18.0}, "distance": 17.5, "label": 0.0, "confidence": 0.73, "vehicle_id": -1.0, "lane_num": -1.0}, {"box": {"x": 611.0, "y": 253.0, "width": 79.0, "height": 112.0}, "distance": 12.5, "label": 1.0, "confidence": 0.59, "vehicle_id": -1.0, "lane_num": 0.0}, {"box": {"x": 0.0, "y": 302.0, "width": 112.0, "height": 65.0}, "distance": 7.5, "label": 0.0, "confidence": 0.36, "vehicle_id": -1.0, "lane_num": -2.0}]}, {"time": 49, "vehicles": [{"box": {"x": 550.0, "y": 298.0, "width": 43.0, "height": 39.0}, "distance": 35.0, "label": 0.0, "confidence": 0.88, "vehicle_id": -1.0, "lane_num": -1.0}, {"box": {"x": 451.0, "y": 297.0, "width": 36.0, "height": 21.0}, "distance": 45.0, "label": 2.0, "confidence": 0.79, "vehicle_id": -1.0, "lane_num": -2.0}, {"box": {"x": 610.0, "y": 249.0, "width": 78.0, "height": 116.0}, "distance": 12.5, "label": 1.0, "confidence": 0.67, "vehicle_id": -1.0, "lane_num": 0.0}, {"box": {"x": 601.0, "y": 298.0, "width": 16.0, "height": 17.0}, "distance": 17.5, "label": 0.0, "confidence": 0.64, "vehicle_id": -1.0, "lane_num": -1.0}, {"box": {"x": 354.0, "y": 309.0, "width": 57.0, "height": 19.0}, "distance": 35.0, "label": 0.0, "confidence": 0.5, "vehicle_id": -1.0, "lane_num": -2.0}]}, {"time": 50, "vehicles": [{"box": {"x": 611.0, "y": 242.0, "width": 78.0, "height": 124.0}, "distance": 17.5, "label": 1.0, "confidence": 0.84, "vehicle_id": -1.0, "lane_num": 0.0}, {"box": {"x": 550.0, "y": 299.0, "width": 43.0, "height": 39.0}, "distance": 35.0, "label": 0.0, "confidence": 0.73, "vehicle_id": -1.0, "lane_num": -1.0}, {"box": {"x": 601.0, "y": 299.0, "width": 15.0, "height": 17.0}, "distance": 12.5, "label": 0.0, "confidence": 0.68, "vehicle_id": -1.0, "lane_num": -1.0}, {"box": {"x": 485.0, "y": 301.0, "width": 21.0, "height": 13.0}, "distance": 7.5, "label": 0.0, "confidence": 0.61, "vehicle_id": -1.0, "lane_num": -2.0}, {"box": {"x": 238.0, "y": 294.0, "width": 101.0, "height": 44.0}, "distance": 12.5, "label": 2.0, "confidence": 0.46, "vehicle_id": -1.0, "lane_num": -2.0}, {"box": {"x": 516.0, "y": 300.0, "width": 17.0, "height": 11.0}, "distance": 7.5, "label": 0.0, "confidence": 0.43, "vehicle_id": -1.0, "lane_num": -2.0}]}, {"time": 51, "vehicles": [{"box": {"x": 552.0, "y": 295.0, "width": 42.0, "height": 38.0}, "distance": 35.0, "label": 0.0, "confidence": 0.85, "vehicle_id": -1.0, "lane_num": -1.0}, {"box": {"x": 612.0, "y": 226.0, "width": 87.0, "height": 136.0}, "distance": 12.5, "label": 1.0, "confidence": 0.8, "vehicle_id": -1.0, "lane_num": 0.0}, {"box": {"x": 392.0, "y": 298.0, "width": 39.0, "height": 20.0}, "distance": 7.5, "label": 2.0, "confidence": 0.78, "vehicle_id": -1.0, "lane_num": -2.0}, {"box": {"x": 604.0, "y": 297.0, "width": 14.0, "height": 17.0}, "distance": 17.5, "label": 0.0, "confidence": 0.59, "vehicle_id": -1.0, "lane_num": -1.0}, {"box": {"x": 456.0, "y": 298.0, "width": 29.0, "height": 15.0}, "distance": 7.5, "label": 2.0, "confidence": 0.31, "vehicle_id": -1.0, "lane_num": -2.0}]}, {"time": 52, "vehicles": [{"box": {"x": 32.0, "y": 309.0, "width": 130.0, "height": 50.0}, "distance": 12.5, "label": 2.0, "confidence": 0.85, "vehicle_id": -1.0, "lane_num": -2.0}, {"box": {"x": 555.0, "y": 300.0, "width": 42.0, "height": 37.0}, "distance": 35.0, "label": 0.0, "confidence": 0.72, "vehicle_id": -1.0, "lane_num": -1.0}, {"box": {"x": 262.0, "y": 304.0, "width": 80.0, "height": 30.0}, "distance": 7.5, "label": 0.0, "confidence": 0.57, "vehicle_id": -1.0, "lane_num": -2.0}, {"box": {"x": 617.0, "y": 254.0, "width": 79.0, "height": 108.0}, "distance": 17.5, "label": 1.0, "confidence": 0.54, "vehicle_id": -1.0, "lane_num": 0.0}]}, {"time": 53, "vehicles": [{"box": {"x": 618.0, "y": 254.0, "width": 78.0, "height": 112.0}, "distance": 17.5, "label": 1.0, "confidence": 0.82, "vehicle_id": -1.0, "lane_num": 0.0}, {"box": {"x": 556.0, "y": 295.0, "width": 43.0, "height": 40.0}, "distance": 35.0, "label": 0.0, "confidence": 0.57, "vehicle_id": -1.0, "lane_num": -1.0}]}, {"time": 54, "vehicles": [{"box": {"x": 558.0, "y": 300.0, "width": 39.0, "height": 36.0}, "distance": 35.0, "label": 0.0, "confidence": 0.86, "vehicle_id": -1.0, "lane_num": -1.0}, {"box": {"x": 620.0, "y": 257.0, "width": 77.0, "height": 108.0}, "distance": 17.5, "label": 1.0, "confidence": 0.85, "vehicle_id": -1.0, "lane_num": 0.0}, {"box": {"x": 136.0, "y": 310.0, "width": 114.0, "height": 36.0}, "distance": 7.5, "label": 0.0, "confidence": 0.83, "vehicle_id": -1.0, "lane_num": -2.0}, {"box": {"x": 606.0, "y": 299.0, "width": 17.0, "height": 16.0}, "distance": 17.5, "label": 0.0, "confidence": 0.79, "vehicle_id": -1.0, "lane_num": -1.0}, {"box": {"x": 406.0, "y": 304.0, "width": 31.0, "height": 16.0}, "distance": 7.5, "label": 0.0, "confidence": 0.37, "vehicle_id": -1.0, "lane_num": -2.0}]}, {"time": 55, "vehicles": [{"box": {"x": 275.0, "y": 305.0, "width": 55.0, "height": 25.0}, "distance": 7.5, "label": 0.0, "confidence": 0.86, "vehicle_id": -1.0, "lane_num": -2.0}, {"box": {"x": 555.0, "y": 297.0, "width": 41.0, "height": 37.0}, "distance": 35.0, "label": 0.0, "confidence": 0.84, "vehicle_id": -1.0, "lane_num": -1.0}, {"box": {"x": 604.0, "y": 297.0, "width": 17.0, "height": 18.0}, "distance": 17.5, "label": 0.0, "confidence": 0.61, "vehicle_id": -1.0, "lane_num": -1.0}, {"box": {"x": 619.0, "y": 257.0, "width": 75.0, "height": 103.0}, "distance": 17.5, "label": 2.0, "confidence": 0.5, "vehicle_id": -1.0, "lane_num": 0.0}]}, {"time": 56, "vehicles": [{"box": {"x": 554.0, "y": 299.0, "width": 41.0, "height": 36.0}, "distance": 35.0, "label": 0.0, "confidence": 0.85, "vehicle_id": -1.0, "lane_num": -1.0}, {"box": {"x": 602.0, "y": 297.0, "width": 18.0, "height": 18.0}, "distance": 22.5, "label": 0.0, "confidence": 0.67, "vehicle_id": -1.0, "lane_num": -1.0}, {"box": {"x": 0.0, "y": 315.0, "width": 20.0, "height": 44.0}, "distance": 12.5, "label": 0.0, "confidence": 0.52, "vehicle_id": -1.0, "lane_num": -2.0}, {"box": {"x": 619.0, "y": 261.0, "width": 72.0, "height": 100.0}, "distance": 17.5, "label": 1.0, "confidence": 0.47, "vehicle_id": -1.0, "lane_num": 0.0}]}, {"time": 57, "vehicles": [{"box": {"x": 555.0, "y": 298.0, "width": 41.0, "height": 36.0}, "distance": 35.0, "label": 0.0, "confidence": 0.89, "vehicle_id": -1.0, "lane_num": -1.0}, {"box": {"x": 619.0, "y": 263.0, "width": 70.0, "height": 93.0}, "distance": 17.5, "label": 2.0, "confidence": 0.78, "vehicle_id": -1.0, "lane_num": 0.0}, {"box": {"x": 599.0, "y": 297.0, "width": 19.0, "height": 18.0}, "distance": 17.5, "label": 0.0, "confidence": 0.67, "vehicle_id": -1.0, "lane_num": -1.0}]}, {"time": 58, "vehicles": [{"box": {"x": 558.0, "y": 300.0, "width": 39.0, "height": 35.0}, "distance": 35.0, "label": 0.0, "confidence": 0.89, "vehicle_id": -1.0, "lane_num": -1.0}, {"box": {"x": 600.0, "y": 300.0, "width": 17.0, "height": 18.0}, "distance": 35.0, "label": 0.0, "confidence": 0.78, "vehicle_id": -1.0, "lane_num": -1.0}, {"box": {"x": 621.0, "y": 263.0, "width": 68.0, "height": 92.0}, "distance": 17.5, "label": 2.0, "confidence": 0.58, "vehicle_id": -1.0, "lane_num": 0.0}]}, {"time": 59, "vehicles": [{"box": {"x": 560.0, "y": 302.0, "width": 38.0, "height": 35.0}, "distance": 17.5, "label": 0.0, "confidence": 0.63, "vehicle_id": -1.0, "lane_num": -1.0}, {"box": {"x": 598.0, "y": 302.0, "width": 18.0, "height": 18.0}, "distance": 17.5, "label": 0.0, "confidence": 0.3, "vehicle_id": -1.0, "lane_num": -1.0}]}, {"time": 60, "vehicles": [{"box": {"x": 564.0, "y": 303.0, "width": 37.0, "height": 32.0}, "distance": 35.0, "label": 0.0, "confidence": 0.84, "vehicle_id": -1.0, "lane_num": -1.0}, {"box": {"x": 598.0, "y": 302.0, "width": 18.0, "height": 17.0}, "distance": 45.0, "label": 0.0, "confidence": 0.64, "vehicle_id": -1.0, "lane_num": -1.0}, {"box": {"x": 511.0, "y": 306.0, "width": 14.0, "height": 9.0}, "distance": 7.5, "label": 0.0, "confidence": 0.37, "vehicle_id": -1.0, "lane_num": -2.0}, {"box": {"x": 541.0, "y": 291.0, "width": 22.0, "height": 19.0}, "distance": 12.5, "label": 1.0, "confidence": 0.35, "vehicle_id": -1.0, "lane_num": -2.0}]}, {"time": 61, "vehicles": [{"box": {"x": 568.0, "y": 300.0, "width": 36.0, "height": 33.0}, "distance": 35.0, "label": 0.0, "confidence": 0.66, "vehicle_id": -1.0, "lane_num": -1.0}]}, {"time": 62, "vehicles": [{"box": {"x": 449.0, "y": 274.0, "width": 70.0, "height": 41.0}, "distance": 45.0, "label": 1.0, "confidence": 0.81, "vehicle_id": -1.0, "lane_num": -2.0}, {"box": {"x": 370.0, "y": 300.0, "width": 69.0, "height": 23.0}, "distance": 7.5, "label": 2.0, "confidence": 0.47, "vehicle_id": -1.0, "lane_num": -2.0}, {"box": {"x": 572.0, "y": 301.0, "width": 34.0, "height": 31.0}, "distance": 35.0, "label": 0.0, "confidence": 0.47, "vehicle_id": -1.0, "lane_num": -2.0}]}, {"time": 63, "vehicles": [{"box": {"x": 242.0, "y": 241.0, "width": 213.0, "height": 82.0}, "distance": 12.5, "label": 1.0, "confidence": 0.87, "vehicle_id": -1.0, "lane_num": -2.0}, {"box": {"x": 572.0, "y": 298.0, "width": 34.0, "height": 32.0}, "distance": 35.0, "label": 0.0, "confidence": 0.56, "vehicle_id": -1.0, "lane_num": -1.0}]}, {"time": 64, "vehicles": [{"box": {"x": 572.0, "y": 299.0, "width": 33.0, "height": 30.0}, "distance": 35.0, "label": 0.0, "confidence": 0.86, "vehicle_id": -1.0, "lane_num": -1.0}, {"box": {"x": 619.0, "y": 266.0, "width": 59.0, "height": 83.0}, "distance": 22.5, "label": 1.0, "confidence": 0.52, "vehicle_id": -1.0, "lane_num": 0.0}]}, {"time": 65, "vehicles": [{"box": {"x": 568.0, "y": 297.0, "width": 30.0, "height": 32.0}, "distance": 45.0, "label": 0.0, "confidence": 0.3, "vehicle_id": -1.0, "lane_num": -2.0}]}, {"time": 66, "vehicles": [{"box": {"x": 559.0, "y": 298.0, "width": 30.0, "height": 30.0}, "distance": 35.0, "label": 0.0, "confidence": 0.82, "vehicle_id": -1.0, "lane_num": -1.0}]}, {"time": 67, "vehicles": [{"box": {"x": 552.0, "y": 298.0, "width": 29.0, "height": 29.0}, "distance": 45.0, "label": 0.0, "confidence": 0.42, "vehicle_id": -1.0, "lane_num": -1.0}]}, {"time": 68, "vehicles": [{"box": {"x": 2.0, "y": 354.0, "width": 246.0, "height": 243.0}, "distance": 7.5, "label": 0.0, "confidence": 0.52, "vehicle_id": -1.0, "lane_num": -1.0}, {"box": {"x": 548.0, "y": 298.0, "width": 29.0, "height": 28.0}, "distance": 45.0, "label": 0.0, "confidence": 0.34, "vehicle_id": -1.0, "lane_num": -2.0}]}, {"time": 69, "vehicles": []}, {"time": 70, "vehicles": [{"box": {"x": 546.0, "y": 299.0, "width": 28.0, "height": 28.0}, "distance": 45.0, "label": 0.0, "confidence": 0.45, "vehicle_id": -1.0, "lane_num": -2.0}]}, {"time": 71, "vehicles": [{"box": {"x": 599.0, "y": 268.0, "width": 55.0, "height": 76.0}, "distance": 27.5, "label": 1.0, "confidence": 0.8, "vehicle_id": -1.0, "lane_num": 0.0}, {"box": {"x": 551.0, "y": 300.0, "width": 26.0, "height": 25.0}, "distance": 75.0, "label": 0.0, "confidence": 0.67, "vehicle_id": -1.0, "lane_num": -1.0}, {"box": {"x": 38.0, "y": 307.0, "width": 385.0, "height": 210.0}, "distance": 12.5, "label": 0.0, "confidence": 0.32, "vehicle_id": -1.0, "lane_num": -1.0}]}, {"time": 72, "vehicles": [{"box": {"x": 149.0, "y": 307.0, "width": 301.0, "height": 170.0}, "distance": 7.5, "label": 0.0, "confidence": 0.9, "vehicle_id": -1.0, "lane_num": -1.0}, {"box": {"x": 368.0, "y": 293.0, "width": 35.0, "height": 15.0}, "distance": 7.5, "label": 0.0, "confidence": 0.67, "vehicle_id": -1.0, "lane_num": -2.0}, {"box": {"x": 603.0, "y": 267.0, "width": 54.0, "height": 77.0}, "distance": 27.5, "label": 1.0, "confidence": 0.57, "vehicle_id": -1.0, "lane_num": 0.0}, {"box": {"x": 554.0, "y": 297.0, "width": 26.0, "height": 25.0}, "distance": 75.0, "label": 0.0, "confidence": 0.34, "vehicle_id": -1.0, "lane_num": -1.0}]}, {"time": 73, "vehicles": [{"box": {"x": 223.0, "y": 305.0, "width": 251.0, "height": 151.0}, "distance": 7.5, "label": 0.0, "confidence": 0.82, "vehicle_id": -1.0, "lane_num": -1.0}, {"box": {"x": 134.0, "y": 294.0, "width": 90.0, "height": 28.0}, "distance": 7.5, "label": 0.0, "confidence": 0.33, "vehicle_id": -1.0, "lane_num": -2.0}]}, {"time": 74, "vehicles": [{"box": {"x": 274.0, "y": 308.0, "width": 216.0, "height": 139.0}, "distance": 7.5, "label": 0.0, "confidence": 0.84, "vehicle_id": -1.0, "lane_num": -1.0}, {"box": {"x": 557.0, "y": 302.0, "width": 25.0, "height": 24.0}, "distance": 45.0, "label": 0.0, "confidence": 0.37, "vehicle_id": -1.0, "lane_num": -1.0}]}, {"time": 75, "vehicles": [{"box": {"x": 603.0, "y": 268.0, "width": 51.0, "height": 75.0}, "distance": 35.0, "label": 1.0, "confidence": 0.61, "vehicle_id": -1.0, "lane_num": 0.0}, {"box": {"x": 307.0, "y": 302.0, "width": 192.0, "height": 125.0}, "distance": 7.5, "label": 0.0, "confidence": 0.61, "vehicle_id": -1.0, "lane_num": -1.0}, {"box": {"x": 558.0, "y": 298.0, "width": 25.0, "height": 23.0}, "distance": 75.0, "label": 0.0, "confidence": 0.4, "vehicle_id": -1.0, "lane_num": -1.0}]}, {"time": 76, "vehicles": [{"box": {"x": 331.0, "y": 306.0, "width": 172.0, "height": 114.0}, "distance": 12.5, "label": 0.0, "confidence": 0.81, "vehicle_id": -1.0, "lane_num": -1.0}, {"box": {"x": 604.0, "y": 273.0, "width": 54.0, "height": 72.0}, "distance": 27.5, "label": 1.0, "confidence": 0.68, "vehicle_id": -1.0, "lane_num": 0.0}, {"box": {"x": 563.0, "y": 299.0, "width": 24.0, "height": 22.0}, "distance": 75.0, "label": 0.0, "confidence": 0.41, "vehicle_id": -1.0, "lane_num": -1.0}]}, {"time": 77, "vehicles": [{"box": {"x": 568.0, "y": 297.0, "width": 23.0, "height": 22.0}, "distance": 75.0, "label": 0.0, "confidence": 0.39, "vehicle_id": -1.0, "lane_num": -1.0}, {"box": {"x": 347.0, "y": 299.0, "width": 163.0, "height": 113.0}, "distance": 12.5, "label": 0.0, "confidence": 0.32, "vehicle_id": -1.0, "lane_num": -1.0}]}, {"time": 78, "vehicles": [{"box": {"x": 359.0, "y": 301.0, "width": 157.0, "height": 109.0}, "distance": 7.5, "label": 0.0, "confidence": 0.53, "vehicle_id": -1.0, "lane_num": -1.0}, {"box": {"x": 572.0, "y": 299.0, "width": 22.0, "height": 22.0}, "distance": 75.0, "label": 0.0, "confidence": 0.33, "vehicle_id": -1.0, "lane_num": -1.0}]}, {"time": 79, "vehicles": [{"box": {"x": 367.0, "y": 300.0, "width": 150.0, "height": 106.0}, "distance": 7.5, "label": 0.0, "confidence": 0.64, "vehicle_id": -1.0, "lane_num": -1.0}, {"box": {"x": 574.0, "y": 299.0, "width": 23.0, "height": 23.0}, "distance": 75.0, "label": 0.0, "confidence": 0.41, "vehicle_id": -1.0, "lane_num": -2.0}]}], "traffic_signs": {"stop_signs": [{"time": 0, "stop_signs": []}, {"time": 1, "stop_signs": []}, {"time": 2, "stop_signs": []}, {"time": 3, "stop_signs": []}, {"time": 4, "stop_signs": []}, {"time": 5, "stop_signs": []}, {"time": 6, "stop_signs": []}, {"time": 7, "stop_signs": []}, {"time": 8, "stop_signs": []}, {"time": 9, "stop_signs": []}, {"time": 10, "stop_signs": []}, {"time": 11, "stop_signs": []}, {"time": 12, "stop_signs": []}, {"time": 13, "stop_signs": []}, {"time": 14, "stop_signs": []}, {"time": 15, "stop_signs": []}, {"time": 16, "stop_signs": []}, {"time": 17, "stop_signs": []}, {"time": 18, "stop_signs": []}, {"time": 19, "stop_signs": []}, {"time": 20, "stop_signs": []}, {"time": 21, "stop_signs": []}, {"time": 22, "stop_signs": []}, {"time": 23, "stop_signs": []}, {"time": 24, "stop_signs": []}, {"time": 25, "stop_signs": []}, {"time": 26, "stop_signs": []}, {"time": 27, "stop_signs": []}, {"time": 28, "stop_signs": []}, {"time": 29, "stop_signs": []}, {"time": 30, "stop_signs": []}, {"time": 31, "stop_signs": []}, {"time": 32, "stop_signs": []}, {"time": 33, "stop_signs": []}, {"time": 34, "stop_signs": []}, {"time": 35, "stop_signs": []}, {"time": 36, "stop_signs": []}, {"time": 37, "stop_signs": []}, {"time": 38, "stop_signs": []}, {"time": 39, "stop_signs": []}, {"time": 40, "stop_signs": []}, {"time": 41, "stop_signs": []}, {"time": 42, "stop_signs": []}, {"time": 43, "stop_signs": []}, {"time": 44, "stop_signs": []}, {"time": 45, "stop_signs": []}, {"time": 46, "stop_signs": []}, {"time": 47, "stop_signs": []}, {"time": 48, "stop_signs": []}, {"time": 49, "stop_signs": []}, {"time": 50, "stop_signs": []}, {"time": 51, "stop_signs": []}, {"time": 52, "stop_signs": []}, {"time": 53, "stop_signs": []}, {"time": 54, "stop_signs": []}, {"time": 55, "stop_signs": []}, {"time": 56, "stop_signs": []}, {"time": 57, "stop_signs": []}, {"time": 58, "stop_signs": []}, {"time": 59, "stop_signs": []}, {"time": 60, "stop_signs": []}, {"time": 61, "stop_signs": []}, {"time": 62, "stop_signs": []}, {"time": 63, "stop_signs": []}, {"time": 64, "stop_signs": []}, {"time": 65, "stop_signs": []}, {"time": 66, "stop_signs": []}, {"time": 67, "stop_signs": []}, {"time": 68, "stop_signs": []}, {"time": 69, "stop_signs": []}, {"time": 70, "stop_signs": []}, {"time": 71, "stop_signs": []}, {"time": 72, "stop_signs": []}, {"time": 73, "stop_signs": []}, {"time": 74, "stop_signs": []}, {"time": 75, "stop_signs": []}, {"time": 76, "stop_signs": []}, {"time": 77, "stop_signs": []}, {"time": 78, "stop_signs": []}, {"time": 79, "stop_signs": []}], "speed_signs": [{"time": 0, "speed_signs": []}, {"time": 1, "speed_signs": []}, {"time": 2, "speed_signs": []}, {"time": 3, "speed_signs": []}, {"time": 4, "speed_signs": []}, {"time": 5, "speed_signs": []}, {"time": 6, "speed_signs": []}, {"time": 7, "speed_signs": []}, {"time": 8, "speed_signs": []}, {"time": 9, "speed_signs": []}, {"time": 10, "speed_signs": []}, {"time": 11, "speed_signs": []}, {"time": 12, "speed_signs": []}, {"time": 13, "speed_signs": []}, {"time": 14, "speed_signs": []}, {"time": 15, "speed_signs": []}, {"time": 16, "speed_signs": []}, {"time": 17, "speed_signs": []}, {"time": 18, "speed_signs": []}, {"time": 19, "speed_signs": []}, {"time": 20, "speed_signs": []}, {"time": 21, "speed_signs": []}, {"time": 22, "speed_signs": []}, {"time": 23, "speed_signs": []}, {"time": 24, "speed_signs": []}, {"time": 25, "speed_signs": []}, {"time": 26, "speed_signs": []}, {"time": 27, "speed_signs": []}, {"time": 28, "speed_signs": []}, {"time": 29, "speed_signs": []}, {"time": 30, "speed_signs": []}, {"time": 31, "speed_signs": []}, {"time": 32, "speed_signs": []}, {"time": 33, "speed_signs": []}, {"time": 34, "speed_signs": []}, {"time": 35, "speed_signs": []}, {"time": 36, "speed_signs": []}, {"time": 37, "speed_signs": []}, {"time": 38, "speed_signs": []}, {"time": 39, "speed_signs": []}, {"time": 40, "speed_signs": []}, {"time": 41, "speed_signs": []}, {"time": 42, "speed_signs": []}, {"time": 43, "speed_signs": []}, {"time": 44, "speed_signs": []}, {"time": 45, "speed_signs": []}, {"time": 46, "speed_signs": []}, {"time": 47, "speed_signs": []}, {"time": 48, "speed_signs": []}, {"time": 49, "speed_signs": []}, {"time": 50, "speed_signs": []}, {"time": 51, "speed_signs": []}, {"time": 52, "speed_signs": []}, {"time": 53, "speed_signs": []}, {"time": 54, "speed_signs": []}, {"time": 55, "speed_signs": []}, {"time": 56, "speed_signs": []}, {"time": 57, "speed_signs": []}, {"time": 58, "speed_signs": []}, {"time": 59, "speed_signs": []}, {"time": 60, "speed_signs": []}, {"time": 61, "speed_signs": []}, {"time": 62, "speed_signs": []}, {"time": 63, "speed_signs": []}, {"time": 64, "speed_signs": []}, {"time": 65, "speed_signs": []}, {"time": 66, "speed_signs": []}, {"time": 67, "speed_signs": []}, {"time": 68, "speed_signs": []}, {"time": 69, "speed_signs": []}, {"time": 70, "speed_signs": []}, {"time": 71, "speed_signs": []}, {"time": 72, "speed_signs": []}, {"time": 73, "speed_signs": []}, {"time": 74, "speed_signs": []}, {"time": 75, "speed_signs": []}, {"time": 76, "speed_signs": []}, {"time": 77, "speed_signs": []}, {"time": 78, "speed_signs": []}, {"time": 79, "speed_signs": []}]}, "dist_out": [{"time": 0, "distance_buckets": {"0-5": 0.0004, "5-10": 0.0241, "10-15": 0.7379, "15-20": 0.1633, "20-25": 0.015, "25-30": 0.0023, "30-40": 0.0014, "40-50": 0.0008, "50-": 0.0004}}, {"time": 1, "distance_buckets": {"0-5": 0.0, "5-10": 0.0, "10-15": 0.0, "15-20": 0.0, "20-25": 0.0, "25-30": 0.0, "30-40": 0.0, "40-50": 0.0, "50-": 0.001}}, {"time": 2, "distance_buckets": {"0-5": 0.0003, "5-10": 0.0498, "10-15": 0.7864, "15-20": 0.1089, "20-25": 0.0085, "25-30": 0.0013, "30-40": 0.001, "40-50": 0.0006, "50-": 0.0002}}, {"time": 3, "distance_buckets": {"0-5": 0.0008, "5-10": 0.1293, "10-15": 0.7217, "15-20": 0.0901, "20-25": 0.0093, "25-30": 0.0018, "30-40": 0.0017, "40-50": 0.0013, "50-": 0.0004}}, {"time": 4, "distance_buckets": {"0-5": 0.0002, "5-10": 0.0372, "10-15": 0.7892, "15-20": 0.1215, "20-25": 0.0133, "25-30": 0.001, "30-40": 0.0006, "40-50": 0.0002, "50-": 0.0001}}, {"time": 5, "distance_buckets": {"0-5": 0.0, "5-10": 0.0, "10-15": 0.0, "15-20": 0.0, "20-25": 0.0, "25-30": 0.0, "30-40": 0.0, "40-50": 0.0, "50-": 0.001}}, {"time": 6, "distance_buckets": {"0-5": 0.0015, "5-10": 0.0444, "10-15": 0.735, "15-20": 0.1424, "20-25": 0.012, "25-30": 0.0015, "30-40": 0.0008, "40-50": 0.0002, "50-": 0.0003}}, {"time": 7, "distance_buckets": {"0-5": 0.0, "5-10": 0.0, "10-15": 0.0, "15-20": 0.0, "20-25": 0.0, "25-30": 0.0, "30-40": 0.0, "40-50": 0.0, "50-": 0.001}}, {"time": 8, "distance_buckets": {"0-5": 0.001, "5-10": 0.0014, "10-15": 0.3831, "15-20": 0.449, "20-25": 0.0298, "25-30": 0.0021, "30-40": 0.0009, "40-50": 0.0004, "50-": 0.0002}}, {"time": 9, "distance_buckets": {"0-5": 0.0006, "5-10": 0.0011, "10-15": 0.1728, "15-20": 0.6414, "20-25": 0.0599, "25-30": 0.0033, "30-40": 0.001, "40-50": 0.0006, "50-": 0.0002}}, {"time": 10, "distance_buckets": {"0-5": 0.0, "5-10": 0.0, "10-15": 0.0, "15-20": 0.0, "20-25": 0.0, "25-30": 0.0, "30-40": 0.0, "40-50": 0.0, "50-": 0.001}}, {"time": 11, "distance_buckets": {"0-5": 0.0009, "5-10": 0.0024, "10-15": 0.2973, "15-20": 0.4613, "20-25": 0.0365, "25-30": 0.0025, "30-40": 0.0008, "40-50": 0.0005, "50-": 0.0003}}, {"time": 12, "distance_buckets": {"0-5": 0.0001, "5-10": 0.0037, "10-15": 0.5857, "15-20": 0.4274, "20-25": 0.0143, "25-30": 0.0009, "30-40": 0.0003, "40-50": 0.0001, "50-": 0.0001}}, {"time": 13, "distance_buckets": {"0-5": 0.0002, "5-10": 0.0072, "10-15": 0.6063, "15-20": 0.4479, "20-25": 0.0147, "25-30": 0.0017, "30-40": 0.0009, "40-50": 0.0004, "50-": 0.0004}}, {"time": 14, "distance_buckets": {"0-5": 0.0015, "5-10": 0.0939, "10-15": 0.7138, "15-20": 0.1092, "20-25": 0.0077, "25-30": 0.0013, "30-40": 0.0007, "40-50": 0.0003, "50-": 0.0003}}, {"time": 15, "distance_buckets": {"0-5": 0.0, "5-10": 0.0, "10-15": 0.0, "15-20": 0.0, "20-25": 0.0, "25-30": 0.0, "30-40": 0.0, "40-50": 0.0, "50-": 0.001}}, {"time": 16, "distance_buckets": {"0-5": 0.0014, "5-10": 0.1117, "10-15": 0.7186, "15-20": 0.073, "20-25": 0.0052, "25-30": 0.0011, "30-40": 0.0006, "40-50": 0.0002, "50-": 0.0003}}, {"time": 17, "distance_buckets": {"0-5": 0.0, "5-10": 0.0, "10-15": 0.0, "15-20": 0.0, "20-25": 0.0, "25-30": 0.0, "30-40": 0.0, "40-50": 0.0, "50-": 0.001}}, {"time": 18, "distance_buckets": {"0-5": 0.0004, "5-10": 0.1571, "10-15": 0.6757, "15-20": 0.0439, "20-25": 0.0012, "25-30": 0.0003, "30-40": 0.0003, "40-50": 0.0001, "50-": 0.0001}}, {"time": 19, "distance_buckets": {"0-5": 0.0019, "5-10": 0.1507, "10-15": 0.6305, "15-20": 0.0596, "20-25": 0.0045, "25-30": 0.0012, "30-40": 0.0008, "40-50": 0.0004, "50-": 0.0005}}, {"time": 20, "distance_buckets": {"0-5": 0.0015, "5-10": 0.1053, "10-15": 0.7254, "15-20": 0.0712, "20-25": 0.0045, "25-30": 0.0009, "30-40": 0.0005, "40-50": 0.0002, "50-": 0.0002}}, {"time": 21, "distance_buckets": {"0-5": 0.0016, "5-10": 0.0968, "10-15": 0.714, "15-20": 0.073, "20-25": 0.005, "25-30": 0.0009, "30-40": 0.0005, "40-50": 0.0002, "50-": 0.0002}}, {"time": 22, "distance_buckets": {"0-5": 0.0016, "5-10": 0.119, "10-15": 0.6909, "15-20": 0.0895, "20-25": 0.0077, "25-30": 0.0014, "30-40": 0.0007, "40-50": 0.0003, "50-": 0.0003}}, {"time": 23, "distance_buckets": {"0-5": 0.0, "5-10": 0.0, "10-15": 0.0, "15-20": 0.0, "20-25": 0.0, "25-30": 0.0, "30-40": 0.0, "40-50": 0.0, "50-": 0.001}}, {"time": 24, "distance_buckets": {"0-5": 0.0006, "5-10": 0.0432, "10-15": 0.7712, "15-20": 0.1661, "20-25": 0.0099, "25-30": 0.0021, "30-40": 0.0025, "40-50": 0.0009, "50-": 0.0004}}, {"time": 25, "distance_buckets": {"0-5": 0.0004, "5-10": 0.2169, "10-15": 0.6329, "15-20": 0.0585, "20-25": 0.005, "25-30": 0.0004, "30-40": 0.0003, "40-50": 0.0002, "50-": 0.0001}}, {"time": 26, "distance_buckets": {"0-5": 0.0007, "5-10": 0.0706, "10-15": 0.7963, "15-20": 0.1023, "20-25": 0.0056, "25-30": 0.001, "30-40": 0.0006, "40-50": 0.0002, "50-": 0.0002}}, {"time": 27, "distance_buckets": {"0-5": 0.0, "5-10": 0.0, "10-15": 0.0, "15-20": 0.0, "20-25": 0.0, "25-30": 0.0, "30-40": 0.0, "40-50": 0.0, "50-": 0.001}}, {"time": 28, "distance_buckets": {"0-5": 0.0, "5-10": 0.0, "10-15": 0.0, "15-20": 0.0, "20-25": 0.0, "25-30": 0.0, "30-40": 0.0, "40-50": 0.0, "50-": 0.001}}, {"time": 29, "distance_buckets": {"0-5": 0.0, "5-10": 0.0, "10-15": 0.0, "15-20": 0.0, "20-25": 0.0, "25-30": 0.0, "30-40": 0.0, "40-50": 0.0, "50-": 0.001}}, {"time": 30, "distance_buckets": {"0-5": 0.0015, "5-10": 0.1126, "10-15": 0.716, "15-20": 0.1104, "20-25": 0.0106, "25-30": 0.0014, "30-40": 0.0008, "40-50": 0.0003, "50-": 0.0002}}, {"time": 31, "distance_buckets": {"0-5": 0.0, "5-10": 0.0, "10-15": 0.0, "15-20": 0.0, "20-25": 0.0, "25-30": 0.0, "30-40": 0.0, "40-50": 0.0, "50-": 0.001}}, {"time": 32, "distance_buckets": {"0-5": 0.0026, "5-10": 0.0909, "10-15": 0.6851, "15-20": 0.1493, "20-25": 0.016, "25-30": 0.0025, "30-40": 0.0017, "40-50": 0.0008, "50-": 0.0007}}, {"time": 33, "distance_buckets": {"0-5": 0.0, "5-10": 0.0, "10-15": 0.0, "15-20": 0.0, "20-25": 0.0, "25-30": 0.0, "30-40": 0.0, "40-50": 0.0, "50-": 0.001}}, {"time": 34, "distance_buckets": {"0-5": 0.0, "5-10": 0.0, "10-15": 0.0, "15-20": 0.0, "20-25": 0.0, "25-30": 0.0, "30-40": 0.0, "40-50": 0.0, "50-": 0.001}}, {"time": 35, "distance_buckets": {"0-5": 0.0, "5-10": 0.0, "10-15": 0.0, "15-20": 0.0, "20-25": 0.0, "25-30": 0.0, "30-40": 0.0, "40-50": 0.0, "50-": 0.001}}, {"time": 36, "distance_buckets": {"0-5": 0.001, "5-10": 0.0045, "10-15": 0.512, "15-20": 0.4361, "20-25": 0.0236, "25-30": 0.0015, "30-40": 0.0006, "40-50": 0.0003, "50-": 0.0002}}, {"time": 37, "distance_buckets": {"0-5": 0.0016, "5-10": 0.0815, "10-15": 0.6529, "15-20": 0.1426, "20-25": 0.0168, "25-30": 0.0018, "30-40": 0.0016, "40-50": 0.0005, "50-": 0.0005}}, {"time": 38, "distance_buckets": {"0-5": 0.0, "5-10": 0.0, "10-15": 0.0, "15-20": 0.0, "20-25": 0.0, "25-30": 0.0, "30-40": 0.0, "40-50": 0.0, "50-": 0.001}}, {"time": 39, "distance_buckets": {"0-5": 0.0, "5-10": 0.0, "10-15": 0.0, "15-20": 0.0, "20-25": 0.0, "25-30": 0.0, "30-40": 0.0, "40-50": 0.0, "50-": 0.001}}, {"time": 40, "distance_buckets": {"0-5": 0.0, "5-10": 0.0, "10-15": 0.0, "15-20": 0.0, "20-25": 0.0, "25-30": 0.0, "30-40": 0.0, "40-50": 0.0, "50-": 0.001}}, {"time": 41, "distance_buckets": {"0-5": 0.0, "5-10": 0.0, "10-15": 0.0, "15-20": 0.0, "20-25": 0.0, "25-30": 0.0, "30-40": 0.0, "40-50": 0.0, "50-": 0.001}}, {"time": 42, "distance_buckets": {"0-5": 0.0008, "5-10": 0.0161, "10-15": 0.3879, "15-20": 0.5182, "20-25": 0.078, "25-30": 0.0072, "30-40": 0.0032, "40-50": 0.001, "50-": 0.0006}}, {"time": 43, "distance_buckets": {"0-5": 0.0006, "5-10": 0.0225, "10-15": 0.5366, "15-20": 0.4076, "20-25": 0.0437, "25-30": 0.0029, "30-40": 0.0014, "40-50": 0.0004, "50-": 0.0003}}, {"time": 44, "distance_buckets": {"0-5": 0.0016, "5-10": 0.019, "10-15": 0.4171, "15-20": 0.4978, "20-25": 0.0574, "25-30": 0.0037, "30-40": 0.0017, "40-50": 0.0004, "50-": 0.0007}}, {"time": 45, "distance_buckets": {"0-5": 0.0011, "5-10": 0.034, "10-15": 0.6157, "15-20": 0.2969, "20-25": 0.0301, "25-30": 0.002, "30-40": 0.0012, "40-50": 0.0002, "50-": 0.0004}}, {"time": 46, "distance_buckets": {"0-5": 0.0013, "5-10": 0.0143, "10-15": 0.3587, "15-20": 0.5239, "20-25": 0.0304, "25-30": 0.0059, "30-40": 0.0056, "40-50": 0.0022, "50-": 0.0026}}, {"time": 47, "distance_buckets": {"0-5": 0.0012, "5-10": 0.0486, "10-15": 0.586, "15-20": 0.2862, "20-25": 0.0323, "25-30": 0.0019, "30-40": 0.0012, "40-50": 0.0003, "50-": 0.0003}}, {"time": 48, "distance_buckets": {"0-5": 0.0011, "5-10": 0.0343, "10-15": 0.53, "15-20": 0.356, "20-25": 0.0511, "25-30": 0.0027, "30-40": 0.0016, "40-50": 0.0003, "50-": 0.0003}}, {"time": 49, "distance_buckets": {"0-5": 0.001, "5-10": 0.0342, "10-15": 0.5556, "15-20": 0.3383, "20-25": 0.0384, "25-30": 0.002, "30-40": 0.0012, "40-50": 0.0003, "50-": 0.0003}}, {"time": 50, "distance_buckets": {"0-5": 0.0009, "5-10": 0.0077, "10-15": 0.2344, "15-20": 0.6868, "20-25": 0.0888, "25-30": 0.0044, "30-40": 0.0017, "40-50": 0.0002, "50-": 0.0005}}, {"time": 51, "distance_buckets": {"0-5": 0.0005, "5-10": 0.0128, "10-15": 0.4635, "15-20": 0.4226, "20-25": 0.0244, "25-30": 0.0019, "30-40": 0.001, "40-50": 0.0003, "50-": 0.0002}}, {"time": 52, "distance_buckets": {"0-5": 0.0016, "5-10": 0.0234, "10-15": 0.3029, "15-20": 0.4916, "20-25": 0.0541, "25-30": 0.0042, "30-40": 0.0035, "40-50": 0.0008, "50-": 0.0006}}, {"time": 53, "distance_buckets": {"0-5": 0.0012, "5-10": 0.0149, "10-15": 0.3, "15-20": 0.6473, "20-25": 0.1059, "25-30": 0.0057, "30-40": 0.0028, "40-50": 0.0004, "50-": 0.0014}}, {"time": 54, "distance_buckets": {"0-5": 0.0009, "5-10": 0.0082, "10-15": 0.3239, "15-20": 0.6375, "20-25": 0.0497, "25-30": 0.002, "30-40": 0.0009, "40-50": 0.0001, "50-": 0.0003}}, {"time": 55, "distance_buckets": {"0-5": 0.0006, "5-10": 0.0067, "10-15": 0.1321, "15-20": 0.7174, "20-25": 0.0563, "25-30": 0.0063, "30-40": 0.004, "40-50": 0.0011, "50-": 0.0016}}, {"time": 56, "distance_buckets": {"0-5": 0.0005, "5-10": 0.0083, "10-15": 0.2012, "15-20": 0.7233, "20-25": 0.0956, "25-30": 0.0036, "30-40": 0.0018, "40-50": 0.0003, "50-": 0.0003}}, {"time": 57, "distance_buckets": {"0-5": 0.0006, "5-10": 0.0025, "10-15": 0.0765, "15-20": 0.7562, "20-25": 0.0542, "25-30": 0.0046, "30-40": 0.0024, "40-50": 0.0007, "50-": 0.0007}}, {"time": 58, "distance_buckets": {"0-5": 0.0005, "5-10": 0.0018, "10-15": 0.0105, "15-20": 0.4823, "20-25": 0.3772, "25-30": 0.0264, "30-40": 0.0073, "40-50": 0.0008, "50-": 0.0007}}, {"time": 59, "distance_buckets": {"0-5": 0.0, "5-10": 0.0, "10-15": 0.0, "15-20": 0.0, "20-25": 0.0, "25-30": 0.0, "30-40": 0.0, "40-50": 0.0, "50-": 0.001}}, {"time": 60, "distance_buckets": {"0-5": 0.0, "5-10": 0.0, "10-15": 0.0, "15-20": 0.0, "20-25": 0.0, "25-30": 0.0, "30-40": 0.0, "40-50": 0.0, "50-": 0.001}}, {"time": 61, "distance_buckets": {"0-5": 0.0, "5-10": 0.0, "10-15": 0.0, "15-20": 0.0, "20-25": 0.0, "25-30": 0.0, "30-40": 0.0, "40-50": 0.0, "50-": 0.001}}, {"time": 62, "distance_buckets": {"0-5": 0.0, "5-10": 0.0, "10-15": 0.0, "15-20": 0.0, "20-25": 0.0, "25-30": 0.0, "30-40": 0.0, "40-50": 0.0, "50-": 0.001}}, {"time": 63, "distance_buckets": {"0-5": 0.0, "5-10": 0.0, "10-15": 0.0, "15-20": 0.0, "20-25": 0.0, "25-30": 0.0, "30-40": 0.0, "40-50": 0.0, "50-": 0.001}}, {"time": 64, "distance_buckets": {"0-5": 0.0006, "5-10": 0.0022, "10-15": 0.0132, "15-20": 0.1067, "20-25": 0.718, "25-30": 0.1014, "30-40": 0.0153, "40-50": 0.0009, "50-": 0.0003}}, {"time": 65, "distance_buckets": {"0-5": 0.0, "5-10": 0.0, "10-15": 0.0, "15-20": 0.0, "20-25": 0.0, "25-30": 0.0, "30-40": 0.0, "40-50": 0.0, "50-": 0.001}}, {"time": 66, "distance_buckets": {"0-5": 0.0, "5-10": 0.0, "10-15": 0.0, "15-20": 0.0, "20-25": 0.0, "25-30": 0.0, "30-40": 0.0, "40-50": 0.0, "50-": 0.001}}, {"time": 67, "distance_buckets": {"0-5": 0.0, "5-10": 0.0, "10-15": 0.0, "15-20": 0.0, "20-25": 0.0, "25-30": 0.0, "30-40": 0.0, "40-50": 0.0, "50-": 0.001}}, {"time": 68, "distance_buckets": {"0-5": 0.0, "5-10": 0.0, "10-15": 0.0, "15-20": 0.0, "20-25": 0.0, "25-30": 0.0, "30-40": 0.0, "40-50": 0.0, "50-": 0.001}}, {"time": 69, "distance_buckets": {"0-5": 0.0, "5-10": 0.0, "10-15": 0.0, "15-20": 0.0, "20-25": 0.0, "25-30": 0.0, "30-40": 0.0, "40-50": 0.0, "50-": 0.001}}, {"time": 70, "distance_buckets": {"0-5": 0.0, "5-10": 0.0, "10-15": 0.0, "15-20": 0.0, "20-25": 0.0, "25-30": 0.0, "30-40": 0.0, "40-50": 0.0, "50-": 0.001}}, {"time": 71, "distance_buckets": {"0-5": 0.0005, "5-10": 0.0068, "10-15": 0.0296, "15-20": 0.0711, "20-25": 0.1419, "25-30": 0.3042, "30-40": 0.303, "40-50": 0.0193, "50-": 0.0017}}, {"time": 72, "distance_buckets": {"0-5": 0.0057, "5-10": 0.0274, "10-15": 0.0798, "15-20": 0.1586, "20-25": 0.1273, "25-30": 0.271, "30-40": 0.1994, "40-50": 0.0215, "50-": 0.0054}}, {"time": 73, "distance_buckets": {"0-5": 0.0, "5-10": 0.0, "10-15": 0.0, "15-20": 0.0, "20-25": 0.0, "25-30": 0.0, "30-40": 0.0, "40-50": 0.0, "50-": 0.001}}, {"time": 74, "distance_buckets": {"0-5": 0.0, "5-10": 0.0, "10-15": 0.0, "15-20": 0.0, "20-25": 0.0, "25-30": 0.0, "30-40": 0.0, "40-50": 0.0, "50-": 0.001}}, {"time": 75, "distance_buckets": {"0-5": 0.0071, "5-10": 0.0439, "10-15": 0.1091, "15-20": 0.1924, "20-25": 0.117, "25-30": 0.176, "30-40": 0.2688, "40-50": 0.0644, "50-": 0.0092}}, {"time": 76, "distance_buckets": {"0-5": 0.0024, "5-10": 0.0146, "10-15": 0.0779, "15-20": 0.1646, "20-25": 0.136, "25-30": 0.3123, "30-40": 0.265, "40-50": 0.0237, "50-": 0.0025}}, {"time": 77, "distance_buckets": {"0-5": 0.0, "5-10": 0.0, "10-15": 0.0, "15-20": 0.0, "20-25": 0.0, "25-30": 0.0, "30-40": 0.0, "40-50": 0.0, "50-": 0.001}}, {"time": 78, "distance_buckets": {"0-5": 0.0, "5-10": 0.0, "10-15": 0.0, "15-20": 0.0, "20-25": 0.0, "25-30": 0.0, "30-40": 0.0, "40-50": 0.0, "50-": 0.001}}, {"time": 79, "distance_buckets": {"0-5": 0.0, "5-10": 0.0, "10-15": 0.0, "15-20": 0.0, "20-25": 0.0, "25-30": 0.0, "30-40": 0.0, "40-50": 0.0, "50-": 0.001}}], "cls_out": [{"time": 0, "cls_out": [0.0345, 0.9209, 0.0265, 0.0048, 0.0133]}, {"time": 1, "cls_out": [0.0163, 0.936, 0.0306, 0.0054, 0.0116]}, {"time": 2, "cls_out": [0.0246, 0.9327, 0.0252, 0.0053, 0.0122]}, {"time": 3, "cls_out": [0.0087, 0.9262, 0.0417, 0.0056, 0.0178]}, {"time": 4, "cls_out": [0.0107, 0.959, 0.014, 0.003, 0.0134]}, {"time": 5, "cls_out": [0.0142, 0.8907, 0.0548, 0.0072, 0.0331]}, {"time": 6, "cls_out": [0.008, 0.9549, 0.0243, 0.0042, 0.0086]}, {"time": 7, "cls_out": [0.0083, 0.9216, 0.0412, 0.0061, 0.0228]}, {"time": 8, "cls_out": [0.0063, 0.9564, 0.0201, 0.0033, 0.0138]}, {"time": 9, "cls_out": [0.0071, 0.9103, 0.052, 0.0083, 0.0223]}, {"time": 10, "cls_out": [0.008, 0.9481, 0.0275, 0.0049, 0.0115]}, {"time": 11, "cls_out": [0.008, 0.8781, 0.0792, 0.01, 0.0247]}, {"time": 12, "cls_out": [0.0133, 0.9533, 0.018, 0.0043, 0.0111]}, {"time": 13, "cls_out": [0.0165, 0.8769, 0.0591, 0.0098, 0.0378]}, {"time": 14, "cls_out": [0.0159, 0.8316, 0.1096, 0.0121, 0.0307]}, {"time": 15, "cls_out": [0.0301, 0.5496, 0.2883, 0.0249, 0.1071]}, {"time": 16, "cls_out": [0.0318, 0.8001, 0.1221, 0.0148, 0.0311]}, {"time": 17, "cls_out": [0.0274, 0.7195, 0.1541, 0.0178, 0.0812]}, {"time": 18, "cls_out": [0.0169, 0.9024, 0.0503, 0.0074, 0.023]}, {"time": 19, "cls_out": [0.0218, 0.8484, 0.0715, 0.0116, 0.0466]}, {"time": 20, "cls_out": [0.0124, 0.9214, 0.0454, 0.0065, 0.0142]}, {"time": 21, "cls_out": [0.0191, 0.77, 0.1402, 0.0152, 0.0554]}, {"time": 22, "cls_out": [0.0122, 0.9314, 0.0311, 0.0057, 0.0196]}, {"time": 23, "cls_out": [0.0237, 0.8604, 0.0603, 0.0098, 0.0459]}, {"time": 24, "cls_out": [0.0152, 0.8646, 0.0683, 0.0095, 0.0424]}, {"time": 25, "cls_out": [0.0154, 0.811, 0.103, 0.0117, 0.0589]}, {"time": 26, "cls_out": [0.0131, 0.9374, 0.0235, 0.0055, 0.0205]}, {"time": 27, "cls_out": [0.0076, 0.7166, 0.2064, 0.0223, 0.0471]}, {"time": 28, "cls_out": [0.0232, 0.8655, 0.0713, 0.0127, 0.0273]}, {"time": 29, "cls_out": [0.0095, 0.8464, 0.1017, 0.0127, 0.0298]}, {"time": 30, "cls_out": [0.0144, 0.927, 0.0341, 0.006, 0.0185]}, {"time": 31, "cls_out": [0.0119, 0.7828, 0.1394, 0.0133, 0.0526]}, {"time": 32, "cls_out": [0.0065, 0.946, 0.0311, 0.0043, 0.0122]}, {"time": 33, "cls_out": [0.0202, 0.8736, 0.0749, 0.0121, 0.0192]}, {"time": 34, "cls_out": [0.0111, 0.889, 0.061, 0.0092, 0.0298]}, {"time": 35, "cls_out": [0.0118, 0.844, 0.0919, 0.0147, 0.0376]}, {"time": 36, "cls_out": [0.0102, 0.9505, 0.024, 0.0056, 0.0096]}, {"time": 37, "cls_out": [0.0063, 0.9564, 0.024, 0.0044, 0.009]}, {"time": 38, "cls_out": [0.0147, 0.7174, 0.2075, 0.0161, 0.0443]}, {"time": 39, "cls_out": [0.0071, 0.9288, 0.0419, 0.0066, 0.0157]}, {"time": 40, "cls_out": [0.0047, 0.9379, 0.0307, 0.0052, 0.0215]}, {"time": 41, "cls_out": [0.0056, 0.9355, 0.0368, 0.0065, 0.0155]}, {"time": 42, "cls_out": [0.0042, 0.9202, 0.0338, 0.005, 0.0368]}, {"time": 43, "cls_out": [0.003, 0.9671, 0.0179, 0.0039, 0.008]}, {"time": 44, "cls_out": [0.0022, 0.9797, 0.0103, 0.0024, 0.0053]}, {"time": 45, "cls_out": [0.0064, 0.9403, 0.0292, 0.0047, 0.0194]}, {"time": 46, "cls_out": [0.0086, 0.9557, 0.0208, 0.004, 0.0109]}, {"time": 47, "cls_out": [0.0069, 0.9491, 0.0268, 0.0042, 0.013]}, {"time": 48, "cls_out": [0.0149, 0.8847, 0.0672, 0.008, 0.0253]}, {"time": 49, "cls_out": [0.0055, 0.937, 0.0332, 0.0051, 0.0192]}, {"time": 50, "cls_out": [0.0138, 0.8338, 0.0658, 0.0095, 0.0771]}, {"time": 51, "cls_out": [0.007, 0.952, 0.0216, 0.0041, 0.0154]}, {"time": 52, "cls_out": [0.009, 0.9139, 0.0463, 0.0067, 0.0242]}, {"time": 53, "cls_out": [0.016, 0.8684, 0.0564, 0.01, 0.0492]}, {"time": 54, "cls_out": [0.0162, 0.9331, 0.0302, 0.0063, 0.0142]}, {"time": 55, "cls_out": [0.0064, 0.9568, 0.0179, 0.0039, 0.015]}, {"time": 56, "cls_out": [0.0086, 0.9374, 0.0258, 0.0051, 0.0231]}, {"time": 57, "cls_out": [0.0059, 0.9374, 0.0272, 0.0046, 0.025]}, {"time": 58, "cls_out": [0.0188, 0.892, 0.0445, 0.0078, 0.0369]}, {"time": 59, "cls_out": [0.0074, 0.8738, 0.0864, 0.0094, 0.023]}, {"time": 60, "cls_out": [0.012, 0.8949, 0.0583, 0.01, 0.0248]}, {"time": 61, "cls_out": [0.0083, 0.8418, 0.083, 0.0122, 0.0546]}, {"time": 62, "cls_out": [0.0062, 0.9104, 0.051, 0.0123, 0.0201]}, {"time": 63, "cls_out": [0.0073, 0.8317, 0.1142, 0.0191, 0.0278]}, {"time": 64, "cls_out": [0.0112, 0.8915, 0.0613, 0.0148, 0.0212]}, {"time": 65, "cls_out": [0.01, 0.7454, 0.1311, 0.0238, 0.0897]}, {"time": 66, "cls_out": [0.0035, 0.9554, 0.0224, 0.0059, 0.0127]}, {"time": 67, "cls_out": [0.0034, 0.9246, 0.0449, 0.0114, 0.0156]}, {"time": 68, "cls_out": [0.0048, 0.9066, 0.0454, 0.0119, 0.0312]}, {"time": 69, "cls_out": [0.0053, 0.8049, 0.1245, 0.0173, 0.048]}, {"time": 70, "cls_out": [0.0075, 0.8761, 0.0691, 0.0123, 0.035]}, {"time": 71, "cls_out": [0.0049, 0.8537, 0.0559, 0.0111, 0.0744]}, {"time": 72, "cls_out": [0.017, 0.7987, 0.0873, 0.0164, 0.0806]}, {"time": 73, "cls_out": [0.0085, 0.5206, 0.2411, 0.0248, 0.205]}, {"time": 74, "cls_out": [0.0044, 0.7046, 0.1412, 0.0105, 0.1393]}, {"time": 75, "cls_out": [0.0054, 0.7924, 0.1111, 0.0129, 0.0783]}, {"time": 76, "cls_out": [0.0065, 0.8492, 0.0939, 0.0175, 0.033]}, {"time": 77, "cls_out": [0.0044, 0.808, 0.1308, 0.0137, 0.0431]}, {"time": 78, "cls_out": [0.005, 0.8838, 0.0558, 0.0095, 0.0458]}, {"time": 79, "cls_out": [0.0088, 0.8314, 0.1018, 0.0192, 0.0389]}], "statistics": {}, "cam_init": {"init_status": 3, "horizon": {"coef_a": 0.0, "coef_b": -0.0033, "coef_c": 1.0}, "camera_height": 1.9135, "plane_normal": {"x": 0.0002, "y": -1.0, "z": -0.0042}, "vanishing_point": {"x": 643.6381, "y": 300.1292}, "rectified_lane_scale": 1045.563, "homography_ipm": {"hx": {"x": 1.0002, "y": -0.9852, "z": -332.3459}, "hy": {"x": 0.0001, "y": -0.4707, "z": -495.9139}, "hz": {"x": 0.0, "y": -0.0016, "z": 0.4706}}}}