{"lanes": [{"time": 0, "lane_lines": []}, {"time": 1, "lane_lines": []}, {"time": 2, "lane_lines": []}, {"time": 3, "lane_lines": []}, {"time": 4, "lane_lines": []}, {"time": 5, "lane_lines": []}, {"time": 6, "lane_lines": []}, {"time": 7, "lane_lines": []}, {"time": 8, "lane_lines": []}, {"time": 9, "lane_lines": []}, {"time": 10, "lane_lines": []}, {"time": 11, "lane_lines": []}, {"time": 12, "lane_lines": []}, {"time": 13, "lane_lines": []}, {"time": 14, "lane_lines": []}, {"time": 15, "lane_lines": []}, {"time": 16, "lane_lines": []}, {"time": 17, "lane_lines": []}, {"time": 18, "lane_lines": []}, {"time": 19, "lane_lines": []}, {"time": 20, "lane_lines": []}, {"time": 21, "lane_lines": []}, {"time": 22, "lane_lines": []}, {"time": 23, "lane_lines": []}, {"time": 24, "lane_lines": []}, {"time": 25, "lane_lines": []}, {"time": 26, "lane_lines": []}, {"time": 27, "lane_lines": []}, {"time": 28, "lane_lines": []}, {"time": 29, "lane_lines": []}, {"time": 30, "lane_lines": []}, {"time": 31, "lane_lines": []}, {"time": 32, "lane_lines": []}, {"time": 33, "lane_lines": []}, {"time": 34, "lane_lines": []}, {"time": 35, "lane_lines": []}, {"time": 36, "lane_lines": []}, {"time": 37, "lane_lines": []}, {"time": 38, "lane_lines": []}, {"time": 39, "lane_lines": []}, {"time": 40, "lane_lines": []}, {"time": 41, "lane_lines": []}, {"time": 42, "lane_lines": []}, {"time": 43, "lane_lines": []}, {"time": 44, "lane_lines": []}, {"time": 45, "lane_lines": []}, {"time": 46, "lane_lines": []}, {"time": 47, "lane_lines": []}, {"time": 48, "lane_lines": []}, {"time": 49, "lane_lines": []}, {"time": 50, "lane_lines": []}, {"time": 51, "lane_lines": []}, {"time": 52, "lane_lines": []}, {"time": 53, "lane_lines": []}, {"time": 54, "lane_lines": []}, {"time": 55, "lane_lines": []}, {"time": 56, "lane_lines": []}, {"time": 57, "lane_lines": []}, {"time": 58, "lane_lines": []}, {"time": 59, "lane_lines": []}, {"time": 60, "lane_lines": []}, {"time": 61, "lane_lines": []}, {"time": 62, "lane_lines": []}, {"time": 63, "lane_lines": []}, {"time": 64, "lane_lines": []}, {"time": 65, "lane_lines": []}, {"time": 66, "lane_lines": []}, {"time": 67, "lane_lines": []}, {"time": 68, "lane_lines": []}, {"time": 69, "lane_lines": []}, {"time": 70, "lane_lines": []}, {"time": 71, "lane_lines": []}, {"time": 72, "lane_lines": []}, {"time": 73, "lane_lines": []}, {"time": 74, "lane_lines": []}, {"time": 75, "lane_lines": []}, {"time": 76, "lane_lines": []}, {"time": 77, "lane_lines": []}, {"time": 78, "lane_lines": []}, {"time": 79, "lane_lines": []}], "vehicles": [{"time": 0, "vehicles": [{"box": {"x": 693.0, "y": 295.0, "width": 74.0, "height": 65.0}, "distance": 22.9491, "label": 2.0, "confidence": 0.83, "vehicle_id": -1.0, "lane_num": 1.0}, {"box": {"x": 658.0, "y": 301.0, "width": 22.0, "height": 21.0}, "distance": 40.636, "label": 0.0, "confidence": 0.76, "vehicle_id": -1.0, "lane_num": 1.0}]}, {"time": 1, "vehicles": [{"box": {"x": 695.0, "y": 292.0, "width": 78.0, "height": 69.0}, "distance": 20.0227, "label": 2.0, "confidence": 0.92, "vehicle_id": -1.0, "lane_num": 1.0}, {"box": {"x": 660.0, "y": 299.0, "width": 22.0, "height": 21.0}, "distance": 47.0673, "label": 0.0, "confidence": 0.85, "vehicle_id": -1.0, "lane_num": 1.0}]}, {"time": 2, "vehicles": [{"box": {"x": 700.0, "y": 290.0, "width": 80.0, "height": 70.0}, "distance": 19.4307, "label": 2.0, "confidence": 0.93, "vehicle_id": -1.0, "lane_num": 1.0}, {"box": {"x": 663.0, "y": 297.0, "width": 22.0, "height": 21.0}, "distance": 42.1951, "label": 0.0, "confidence": 0.84, "vehicle_id": -1.0, "lane_num": 1.0}, {"box": {"x": 535.0, "y": 288.0, "width": 21.0, "height": 16.0}, "distance": 17.2983, "label": 1.0, "confidence": 0.51, "vehicle_id": -1.0, "lane_num": -2.0}, {"box": {"x": 557.0, "y": 296.0, "width": 8.0, "height": 8.0}, "distance": 14.4781, "label": 0.0, "confidence": 0.11, "vehicle_id": -1.0, "lane_num": -2.0}]}, {"time": 3, "vehicles": [{"box": {"x": 702.0, "y": 293.0, "width": 84.0, "height": 71.0}, "distance": 19.2064, "label": 2.0, "confidence": 0.87, "vehicle_id": -1.0, "lane_num": 1.0}, {"box": {"x": 663.0, "y": 301.0, "width": 22.0, "height": 20.0}, "distance": 48.4807, "label": 0.0, "confidence": 0.85, "vehicle_id": -1.0, "lane_num": 1.0}, {"box": {"x": 505.0, "y": 289.0, "width": 30.0, "height": 19.0}, "distance": 13.523, "label": 1.0, "confidence": 0.69, "vehicle_id": -1.0, "lane_num": -2.0}, {"box": {"x": 544.0, "y": 300.0, "width": 16.0, "height": 9.0}, "distance": 18.183, "label": 0.0, "confidence": 0.19, "vehicle_id": -1.0, "lane_num": -2.0}, {"box": {"x": 657.0, "y": 299.0, "width": 12.0, "height": 11.0}, "distance": 62.9896, "label": 0.0, "confidence": 0.11, "vehicle_id": -1.0, "lane_num": 1.0}]}, {"time": 4, "vehicles": [{"box": {"x": 701.0, "y": 292.0, "width": 87.0, "height": 72.0}, "distance": 19.8134, "label": 2.0, "confidence": 0.89, "vehicle_id": -1.0, "lane_num": 1.0}, {"box": {"x": 660.0, "y": 301.0, "width": 22.0, "height": 20.0}, "distance": 45.9613, "label": 0.0, "confidence": 0.86, "vehicle_id": -1.0, "lane_num": 1.0}, {"box": {"x": 447.0, "y": 282.0, "width": 53.0, "height": 28.0}, "distance": 12.1829, "label": 2.0, "confidence": 0.58, "vehicle_id": -1.0, "lane_num": -2.0}]}, {"time": 5, "vehicles": [{"box": {"x": 700.0, "y": 295.0, "width": 88.0, "height": 74.0}, "distance": 18.4823, "label": 2.0, "confidence": 0.88, "vehicle_id": -1.0, "lane_num": 1.0}, {"box": {"x": 658.0, "y": 302.0, "width": 23.0, "height": 21.0}, "distance": 43.441, "label": 0.0, "confidence": 0.78, "vehicle_id": -1.0, "lane_num": 1.0}, {"box": {"x": 312.0, "y": 270.0, "width": 123.0, "height": 49.0}, "distance": 15.6781, "label": 2.0, "confidence": 0.64, "vehicle_id": -1.0, "lane_num": -2.0}, {"box": {"x": 443.0, "y": 300.0, "width": 21.0, "height": 12.0}, "distance": 10.7231, "label": 2.0, "confidence": 0.3, "vehicle_id": -1.0, "lane_num": -2.0}]}, {"time": 6, "vehicles": [{"box": {"x": 695.0, "y": 290.0, "width": 89.0, "height": 74.0}, "distance": 18.968, "label": 2.0, "confidence": 0.92, "vehicle_id": -1.0, "lane_num": 1.0}, {"box": {"x": 654.0, "y": 297.0, "width": 23.0, "height": 21.0}, "distance": 50.5766, "label": 0.0, "confidence": 0.85, "vehicle_id": -1.0, "lane_num": 1.0}, {"box": {"x": 350.0, "y": 295.0, "width": 33.0, "height": 17.0}, "distance": 8.3344, "label": 0.0, "confidence": 0.79, "vehicle_id": -1.0, "lane_num": -2.0}, {"box": {"x": 438.0, "y": 296.0, "width": 22.0, "height": 13.0}, "distance": 10.2383, "label": 0.0, "confidence": 0.74, "vehicle_id": -1.0, "lane_num": -2.0}, {"box": {"x": 3.0, "y": 221.0, "width": 250.0, "height": 108.0}, "distance": 11.1927, "label": 1.0, "confidence": 0.42, "vehicle_id": -1.0, "lane_num": -2.0}, {"box": {"x": 496.0, "y": 297.0, "width": 11.0, "height": 7.0}, "distance": 13.63, "label": 0.0, "confidence": 0.33, "vehicle_id": -1.0, "lane_num": -2.0}]}, {"time": 7, "vehicles": [{"box": {"x": 685.0, "y": 291.0, "width": 87.0, "height": 78.0}, "distance": 17.1137, "label": 0.0, "confidence": 0.91, "vehicle_id": -1.0, "lane_num": 1.0}, {"box": {"x": 647.0, "y": 300.0, "width": 21.0, "height": 20.0}, "distance": 49.6001, "label": 0.0, "confidence": 0.81, "vehicle_id": -1.0, "lane_num": 1.0}, {"box": {"x": 313.0, "y": 295.0, "width": 41.0, "height": 19.0}, "distance": 8.8236, "label": 0.0, "confidence": 0.77, "vehicle_id": -1.0, "lane_num": -2.0}, {"box": {"x": 92.0, "y": 290.0, "width": 84.0, "height": 33.0}, "distance": 14.6161, "label": 2.0, "confidence": 0.49, "vehicle_id": -1.0, "lane_num": -2.0}, {"box": {"x": 456.0, "y": 296.0, "width": 15.0, "height": 10.0}, "distance": 13.4252, "label": 0.0, "confidence": 0.41, "vehicle_id": -1.0, "lane_num": -2.0}]}, {"time": 8, "vehicles": [{"box": {"x": 635.0, "y": 300.0, "width": 21.0, "height": 20.0}, "distance": 48.6708, "label": 0.0, "confidence": 0.81, "vehicle_id": -1.0, "lane_num": 1.0}, {"box": {"x": 667.0, "y": 294.0, "width": 82.0, "height": 72.0}, "distance": 16.5163, "label": 2.0, "confidence": 0.7, "vehicle_id": -1.0, "lane_num": 1.0}, {"box": {"x": 386.0, "y": 296.0, "width": 22.0, "height": 14.0}, "distance": 11.1377, "label": 0.0, "confidence": 0.52, "vehicle_id": -1.0, "lane_num": -2.0}]}, {"time": 9, "vehicles": [{"box": {"x": 645.0, "y": 290.0, "width": 76.0, "height": 74.0}, "distance": 15.0931, "label": 0.0, "confidence": 0.89, "vehicle_id": -1.0, "lane_num": 1.0}, {"box": {"x": 624.0, "y": 299.0, "width": 20.0, "height": 19.0}, "distance": 49.0407, "label": 0.0, "confidence": 0.82, "vehicle_id": -1.0, "lane_num": 1.0}, {"box": {"x": 241.0, "y": 296.0, "width": 42.0, "height": 22.0}, "distance": 12.1436, "label": 0.0, "confidence": 0.76, "vehicle_id": -1.0, "lane_num": -2.0}]}, {"time": 10, "vehicles": [{"box": {"x": 631.0, "y": 292.0, "width": 68.0, "height": 70.0}, "distance": 15.776, "label": 2.0, "confidence": 0.66, "vehicle_id": -1.0, "lane_num": 0.0}, {"box": {"x": 620.0, "y": 300.0, "width": 19.0, "height": 20.0}, "distance": 18.4471, "label": 0.0, "confidence": 0.52, "vehicle_id": -1.0, "lane_num": 0.0}]}, {"time": 11, "vehicles": [{"box": {"x": 621.0, "y": 291.0, "width": 65.0, "height": 68.0}, "distance": 16.1387, "label": 2.0, "confidence": 0.89, "vehicle_id": -1.0, "lane_num": 0.0}]}, {"time": 12, "vehicles": [{"box": {"x": 619.0, "y": 291.0, "width": 62.0, "height": 67.0}, "distance": 17.2197, "label": 2.0, "confidence": 0.9, "vehicle_id": -1.0, "lane_num": 0.0}]}, {"time": 13, "vehicles": [{"box": {"x": 618.0, "y": 291.0, "width": 60.0, "height": 66.0}, "distance": 18.8951, "label": 2.0, "confidence": 0.92, "vehicle_id": -1.0, "lane_num": 0.0}]}, {"time": 14, "vehicles": [{"box": {"x": 615.0, "y": 291.0, "width": 59.0, "height": 64.0}, "distance": 17.9283, "label": 2.0, "confidence": 0.91, "vehicle_id": -1.0, "lane_num": 0.0}]}, {"time": 15, "vehicles": [{"box": {"x": 618.0, "y": 290.0, "width": 57.0, "height": 63.0}, "distance": 20.1215, "label": 2.0, "confidence": 0.92, "vehicle_id": -1.0, "lane_num": 0.0}]}, {"time": 16, "vehicles": [{"box": {"x": 623.0, "y": 291.0, "width": 56.0, "height": 62.0}, "distance": 19.8939, "label": 2.0, "confidence": 0.88, "vehicle_id": -1.0, "lane_num": 0.0}]}, {"time": 17, "vehicles": [{"box": {"x": 623.0, "y": 292.0, "width": 57.0, "height": 61.0}, "distance": 19.4243, "label": 2.0, "confidence": 0.89, "vehicle_id": -1.0, "lane_num": 0.0}]}, {"time": 18, "vehicles": [{"box": {"x": 622.0, "y": 291.0, "width": 56.0, "height": 61.0}, "distance": 19.5407, "label": 2.0, "confidence": 0.91, "vehicle_id": -1.0, "lane_num": 0.0}]}, {"time": 19, "vehicles": [{"box": {"x": 617.0, "y": 291.0, "width": 56.0, "height": 60.0}, "distance": 20.3746, "label": 2.0, "confidence": 0.92, "vehicle_id": -1.0, "lane_num": 0.0}]}, {"time": 20, "vehicles": [{"box": {"x": 616.0, "y": 293.0, "width": 54.0, "height": 59.0}, "distance": 19.939, "label": 2.0, "confidence": 0.92, "vehicle_id": -1.0, "lane_num": 0.0}]}, {"time": 21, "vehicles": [{"box": {"x": 616.0, "y": 294.0, "width": 54.0, "height": 58.0}, "distance": 19.8988, "label": 2.0, "confidence": 0.92, "vehicle_id": -1.0, "lane_num": 0.0}]}, {"time": 22, "vehicles": [{"box": {"x": 616.0, "y": 291.0, "width": 53.0, "height": 59.0}, "distance": 21.1759, "label": 2.0, "confidence": 0.92, "vehicle_id": -1.0, "lane_num": 0.0}]}, {"time": 23, "vehicles": [{"box": {"x": 616.0, "y": 292.0, "width": 54.0, "height": 58.0}, "distance": 20.8931, "label": 2.0, "confidence": 0.91, "vehicle_id": -1.0, "lane_num": 0.0}]}, {"time": 24, "vehicles": [{"box": {"x": 618.0, "y": 293.0, "width": 54.0, "height": 58.0}, "distance": 20.3014, "label": 2.0, "confidence": 0.87, "vehicle_id": -1.0, "lane_num": 0.0}]}, {"time": 25, "vehicles": [{"box": {"x": 619.0, "y": 291.0, "width": 54.0, "height": 58.0}, "distance": 20.8788, "label": 2.0, "confidence": 0.91, "vehicle_id": -1.0, "lane_num": 0.0}]}, {"time": 26, "vehicles": [{"box": {"x": 620.0, "y": 293.0, "width": 54.0, "height": 58.0}, "distance": 20.1467, "label": 2.0, "confidence": 0.88, "vehicle_id": -1.0, "lane_num": 0.0}]}, {"time": 27, "vehicles": [{"box": {"x": 622.0, "y": 292.0, "width": 55.0, "height": 58.0}, "distance": 18.9225, "label": 2.0, "confidence": 0.89, "vehicle_id": -1.0, "lane_num": 0.0}, {"box": {"x": 605.0, "y": 292.0, "width": 12.0, "height": 13.0}, "distance": 41.4062, "label": 2.0, "confidence": 0.24, "vehicle_id": -1.0, "lane_num": -1.0}]}, {"time": 28, "vehicles": [{"box": {"x": 623.0, "y": 293.0, "width": 56.0, "height": 58.0}, "distance": 19.6737, "label": 2.0, "confidence": 0.85, "vehicle_id": -1.0, "lane_num": 0.0}, {"box": {"x": 608.0, "y": 294.0, "width": 10.0, "height": 12.0}, "distance": 42.2487, "label": 1.0, "confidence": 0.23, "vehicle_id": -1.0, "lane_num": -1.0}]}, {"time": 29, "vehicles": [{"box": {"x": 623.0, "y": 291.0, "width": 55.0, "height": 60.0}, "distance": 19.5626, "label": 2.0, "confidence": 0.89, "vehicle_id": -1.0, "lane_num": 0.0}, {"box": {"x": 609.0, "y": 292.0, "width": 11.0, "height": 13.0}, "distance": 40.6898, "label": 2.0, "confidence": 0.17, "vehicle_id": -1.0, "lane_num": -1.0}]}, {"time": 30, "vehicles": [{"box": {"x": 621.0, "y": 292.0, "width": 56.0, "height": 60.0}, "distance": 19.0384, "label": 2.0, "confidence": 0.83, "vehicle_id": -1.0, "lane_num": 0.0}, {"box": {"x": 612.0, "y": 292.0, "width": 12.0, "height": 13.0}, "distance": 31.2921, "label": 1.0, "confidence": 0.19, "vehicle_id": -1.0, "lane_num": 0.0}]}, {"time": 31, "vehicles": [{"box": {"x": 619.0, "y": 291.0, "width": 57.0, "height": 61.0}, "distance": 19.7889, "label": 2.0, "confidence": 0.91, "vehicle_id": -1.0, "lane_num": 0.0}]}, {"time": 32, "vehicles": [{"box": {"x": 619.0, "y": 291.0, "width": 58.0, "height": 61.0}, "distance": 19.0513, "label": 2.0, "confidence": 0.89, "vehicle_id": -1.0, "lane_num": 0.0}]}, {"time": 33, "vehicles": [{"box": {"x": 617.0, "y": 290.0, "width": 57.0, "height": 61.0}, "distance": 19.9456, "label": 2.0, "confidence": 0.91, "vehicle_id": -1.0, "lane_num": 0.0}]}, {"time": 34, "vehicles": [{"box": {"x": 614.0, "y": 289.0, "width": 56.0, "height": 61.0}, "distance": 19.3935, "label": 2.0, "confidence": 0.84, "vehicle_id": -1.0, "lane_num": 0.0}]}, {"time": 35, "vehicles": [{"box": {"x": 612.0, "y": 290.0, "width": 54.0, "height": 60.0}, "distance": 20.577, "label": 2.0, "confidence": 0.89, "vehicle_id": -1.0, "lane_num": 0.0}]}, {"time": 36, "vehicles": [{"box": {"x": 611.0, "y": 290.0, "width": 54.0, "height": 59.0}, "distance": 20.8778, "label": 2.0, "confidence": 0.82, "vehicle_id": -1.0, "lane_num": 0.0}]}, {"time": 37, "vehicles": [{"box": {"x": 613.0, "y": 290.0, "width": 51.0, "height": 58.0}, "distance": 22.6116, "label": 2.0, "confidence": 0.85, "vehicle_id": -1.0, "lane_num": 0.0}]}, {"time": 38, "vehicles": [{"box": {"x": 614.0, "y": 292.0, "width": 50.0, "height": 54.0}, "distance": 23.6926, "label": 2.0, "confidence": 0.86, "vehicle_id": -1.0, "lane_num": 0.0}]}, {"time": 39, "vehicles": [{"box": {"x": 617.0, "y": 292.0, "width": 48.0, "height": 52.0}, "distance": 24.6174, "label": 2.0, "confidence": 0.89, "vehicle_id": -1.0, "lane_num": 0.0}]}, {"time": 40, "vehicles": [{"box": {"x": 617.0, "y": 291.0, "width": 48.0, "height": 52.0}, "distance": 24.5675, "label": 2.0, "confidence": 0.9, "vehicle_id": -1.0, "lane_num": 0.0}]}, {"time": 41, "vehicles": [{"box": {"x": 614.0, "y": 294.0, "width": 47.0, "height": 51.0}, "distance": 24.1664, "label": 2.0, "confidence": 0.87, "vehicle_id": -1.0, "lane_num": 0.0}]}, {"time": 42, "vehicles": [{"box": {"x": 612.0, "y": 293.0, "width": 46.0, "height": 49.0}, "distance": 25.6419, "label": 2.0, "confidence": 0.87, "vehicle_id": -1.0, "lane_num": 0.0}]}, {"time": 43, "vehicles": [{"box": {"x": 611.0, "y": 293.0, "width": 44.0, "height": 49.0}, "distance": 26.2284, "label": 2.0, "confidence": 0.87, "vehicle_id": -1.0, "lane_num": 0.0}]}, {"time": 44, "vehicles": [{"box": {"x": 612.0, "y": 293.0, "width": 44.0, "height": 47.0}, "distance": 26.3548, "label": 2.0, "confidence": 0.83, "vehicle_id": -1.0, "lane_num": 0.0}]}, {"time": 45, "vehicles": [{"box": {"x": 616.0, "y": 293.0, "width": 41.0, "height": 46.0}, "distance": 28.1229, "label": 2.0, "confidence": 0.81, "vehicle_id": -1.0, "lane_num": 0.0}]}, {"time": 46, "vehicles": [{"box": {"x": 620.0, "y": 293.0, "width": 42.0, "height": 44.0}, "distance": 26.3333, "label": 2.0, "confidence": 0.83, "vehicle_id": -1.0, "lane_num": 0.0}]}, {"time": 47, "vehicles": [{"box": {"x": 621.0, "y": 293.0, "width": 41.0, "height": 44.0}, "distance": 26.9479, "label": 2.0, "confidence": 0.84, "vehicle_id": -1.0, "lane_num": 0.0}]}, {"time": 48, "vehicles": [{"box": {"x": 621.0, "y": 293.0, "width": 41.0, "height": 43.0}, "distance": 27.5899, "label": 2.0, "confidence": 0.82, "vehicle_id": -1.0, "lane_num": 0.0}]}, {"time": 49, "vehicles": [{"box": {"x": 621.0, "y": 293.0, "width": 39.0, "height": 42.0}, "distance": 27.3539, "label": 2.0, "confidence": 0.84, "vehicle_id": -1.0, "lane_num": 0.0}]}, {"time": 50, "vehicles": [{"box": {"x": 622.0, "y": 293.0, "width": 38.0, "height": 42.0}, "distance": 30.2679, "label": 2.0, "confidence": 0.72, "vehicle_id": -1.0, "lane_num": 0.0}]}, {"time": 51, "vehicles": [{"box": {"x": 621.0, "y": 294.0, "width": 38.0, "height": 41.0}, "distance": 29.0401, "label": 2.0, "confidence": 0.82, "vehicle_id": -1.0, "lane_num": 0.0}]}, {"time": 52, "vehicles": [{"box": {"x": 621.0, "y": 295.0, "width": 37.0, "height": 39.0}, "distance": 31.8947, "label": 2.0, "confidence": 0.79, "vehicle_id": -1.0, "lane_num": 0.0}]}, {"time": 53, "vehicles": [{"box": {"x": 617.0, "y": 295.0, "width": 38.0, "height": 39.0}, "distance": 29.7806, "label": 2.0, "confidence": 0.85, "vehicle_id": -1.0, "lane_num": 0.0}]}, {"time": 54, "vehicles": [{"box": {"x": 618.0, "y": 293.0, "width": 35.0, "height": 38.0}, "distance": 32.6558, "label": 2.0, "confidence": 0.89, "vehicle_id": -1.0, "lane_num": 0.0}]}, {"time": 55, "vehicles": [{"box": {"x": 619.0, "y": 294.0, "width": 35.0, "height": 37.0}, "distance": 34.4088, "label": 2.0, "confidence": 0.88, "vehicle_id": -1.0, "lane_num": 0.0}]}, {"time": 56, "vehicles": [{"box": {"x": 618.0, "y": 295.0, "width": 34.0, "height": 37.0}, "distance": 36.3145, "label": 2.0, "confidence": 0.76, "vehicle_id": -1.0, "lane_num": 0.0}]}, {"time": 57, "vehicles": [{"box": {"x": 618.0, "y": 295.0, "width": 33.0, "height": 37.0}, "distance": 36.1256, "label": 2.0, "confidence": 0.87, "vehicle_id": -1.0, "lane_num": 0.0}]}, {"time": 58, "vehicles": [{"box": {"x": 617.0, "y": 294.0, "width": 33.0, "height": 36.0}, "distance": 36.0085, "label": 2.0, "confidence": 0.81, "vehicle_id": -1.0, "lane_num": 0.0}]}, {"time": 59, "vehicles": [{"box": {"x": 618.0, "y": 296.0, "width": 33.0, "height": 34.0}, "distance": 36.4113, "label": 2.0, "confidence": 0.85, "vehicle_id": -1.0, "lane_num": 0.0}]}, {"time": 60, "vehicles": [{"box": {"x": 618.0, "y": 296.0, "width": 32.0, "height": 35.0}, "distance": 38.5611, "label": 2.0, "confidence": 0.85, "vehicle_id": -1.0, "lane_num": 0.0}]}, {"time": 61, "vehicles": [{"box": {"x": 620.0, "y": 295.0, "width": 31.0, "height": 35.0}, "distance": 38.7096, "label": 2.0, "confidence": 0.89, "vehicle_id": -1.0, "lane_num": 0.0}]}, {"time": 62, "vehicles": [{"box": {"x": 623.0, "y": 295.0, "width": 31.0, "height": 35.0}, "distance": 39.4999, "label": 2.0, "confidence": 0.86, "vehicle_id": -1.0, "lane_num": 0.0}]}, {"time": 63, "vehicles": [{"box": {"x": 622.0, "y": 295.0, "width": 31.0, "height": 34.0}, "distance": 39.4105, "label": 2.0, "confidence": 0.9, "vehicle_id": -1.0, "lane_num": 0.0}]}, {"time": 64, "vehicles": [{"box": {"x": 622.0, "y": 296.0, "width": 30.0, "height": 33.0}, "distance": 40.0276, "label": 2.0, "confidence": 0.83, "vehicle_id": -1.0, "lane_num": 0.0}, {"box": {"x": -1.0, "y": 375.0, "width": 191.0, "height": 219.0}, "distance": 6.649, "label": 0.0, "confidence": 0.49, "vehicle_id": -1.0, "lane_num": -1.0}]}, {"time": 65, "vehicles": [{"box": {"x": 622.0, "y": 296.0, "width": 30.0, "height": 33.0}, "distance": 39.8419, "label": 2.0, "confidence": 0.88, "vehicle_id": -1.0, "lane_num": 0.0}, {"box": {"x": 1.0, "y": 253.0, "width": 338.0, "height": 276.0}, "distance": 7.4525, "label": 1.0, "confidence": 0.58, "vehicle_id": -1.0, "lane_num": -1.0}]}, {"time": 66, "vehicles": [{"box": {"x": 623.0, "y": 295.0, "width": 29.0, "height": 32.0}, "distance": 42.0392, "label": 2.0, "confidence": 0.9, "vehicle_id": -1.0, "lane_num": 0.0}, {"box": {"x": -2.0, "y": 263.0, "width": 422.0, "height": 347.0}, "distance": 13.3204, "label": 2.0, "confidence": 0.75, "vehicle_id": -1.0, "lane_num": -1.0}]}, {"time": 67, "vehicles": [{"box": {"x": 622.0, "y": 294.0, "width": 29.0, "height": 33.0}, "distance": 40.1005, "label": 2.0, "confidence": 0.86, "vehicle_id": -1.0, "lane_num": 0.0}, {"box": {"x": 14.0, "y": 278.0, "width": 441.0, "height": 260.0}, "distance": 10.8556, "label": 2.0, "confidence": 0.81, "vehicle_id": -1.0, "lane_num": -1.0}]}, {"time": 68, "vehicles": [{"box": {"x": 68.0, "y": 283.0, "width": 418.0, "height": 219.0}, "distance": 13.3886, "label": 2.0, "confidence": 0.92, "vehicle_id": -1.0, "lane_num": -1.0}, {"box": {"x": 622.0, "y": 295.0, "width": 28.0, "height": 33.0}, "distance": 40.5464, "label": 2.0, "confidence": 0.85, "vehicle_id": -1.0, "lane_num": 0.0}]}, {"time": 69, "vehicles": [{"box": {"x": 183.0, "y": 284.0, "width": 318.0, "height": 184.0}, "distance": 11.5024, "label": 1.0, "confidence": 0.83, "vehicle_id": -1.0, "lane_num": -1.0}, {"box": {"x": 624.0, "y": 295.0, "width": 28.0, "height": 32.0}, "distance": 40.6527, "label": 2.0, "confidence": 0.8, "vehicle_id": -1.0, "lane_num": 0.0}]}, {"time": 70, "vehicles": [{"box": {"x": 268.0, "y": 286.0, "width": 244.0, "height": 157.0}, "distance": 14.2206, "label": 2.0, "confidence": 0.81, "vehicle_id": -1.0, "lane_num": -1.0}, {"box": {"x": 625.0, "y": 295.0, "width": 29.0, "height": 32.0}, "distance": 38.0198, "label": 2.0, "confidence": 0.62, "vehicle_id": -1.0, "lane_num": 0.0}]}, {"time": 71, "vehicles": [{"box": {"x": 627.0, "y": 295.0, "width": 28.0, "height": 32.0}, "distance": 40.5144, "label": 2.0, "confidence": 0.72, "vehicle_id": -1.0, "lane_num": 0.0}, {"box": {"x": 322.0, "y": 288.0, "width": 200.0, "height": 136.0}, "distance": 13.859, "label": 2.0, "confidence": 0.7, "vehicle_id": -1.0, "lane_num": -1.0}]}, {"time": 72, "vehicles": [{"box": {"x": 363.0, "y": 291.0, "width": 170.0, "height": 118.0}, "distance": 15.448, "label": 2.0, "confidence": 0.93, "vehicle_id": -1.0, "lane_num": -1.0}, {"box": {"x": 629.0, "y": 297.0, "width": 27.0, "height": 31.0}, "distance": 41.2841, "label": 2.0, "confidence": 0.58, "vehicle_id": -1.0, "lane_num": 0.0}]}, {"time": 73, "vehicles": [{"box": {"x": 391.0, "y": 292.0, "width": 149.0, "height": 109.0}, "distance": 16.1118, "label": 2.0, "confidence": 0.92, "vehicle_id": -1.0, "lane_num": -1.0}, {"box": {"x": 629.0, "y": 296.0, "width": 27.0, "height": 31.0}, "distance": 40.8143, "label": 2.0, "confidence": 0.82, "vehicle_id": -1.0, "lane_num": 0.0}]}, {"time": 74, "vehicles": [{"box": {"x": 412.0, "y": 292.0, "width": 135.0, "height": 98.0}, "distance": 17.3158, "label": 2.0, "confidence": 0.86, "vehicle_id": -1.0, "lane_num": -1.0}, {"box": {"x": 630.0, "y": 296.0, "width": 27.0, "height": 31.0}, "distance": 40.4477, "label": 2.0, "confidence": 0.59, "vehicle_id": -1.0, "lane_num": 0.0}]}, {"time": 75, "vehicles": [{"box": {"x": 432.0, "y": 293.0, "width": 121.0, "height": 92.0}, "distance": 17.5821, "label": 2.0, "confidence": 0.87, "vehicle_id": -1.0, "lane_num": -1.0}, {"box": {"x": 629.0, "y": 296.0, "width": 29.0, "height": 31.0}, "distance": 41.9052, "label": 2.0, "confidence": 0.72, "vehicle_id": -1.0, "lane_num": 0.0}]}, {"time": 76, "vehicles": [{"box": {"x": 450.0, "y": 295.0, "width": 112.0, "height": 85.0}, "distance": 18.8625, "label": 2.0, "confidence": 0.92, "vehicle_id": -1.0, "lane_num": -1.0}, {"box": {"x": 631.0, "y": 296.0, "width": 28.0, "height": 32.0}, "distance": 43.1468, "label": 2.0, "confidence": 0.61, "vehicle_id": -1.0, "lane_num": 0.0}]}, {"time": 77, "vehicles": [{"box": {"x": 466.0, "y": 293.0, "width": 102.0, "height": 81.0}, "distance": 20.3715, "label": 2.0, "confidence": 0.9, "vehicle_id": -1.0, "lane_num": -1.0}, {"box": {"x": 632.0, "y": 296.0, "width": 27.0, "height": 31.0}, "distance": 42.0494, "label": 2.0, "confidence": 0.65, "vehicle_id": -1.0, "lane_num": 0.0}]}, {"time": 78, "vehicles": [{"box": {"x": 631.0, "y": 295.0, "width": 29.0, "height": 32.0}, "distance": 41.7576, "label": 2.0, "confidence": 0.85, "vehicle_id": -1.0, "lane_num": 0.0}, {"box": {"x": 479.0, "y": 293.0, "width": 94.0, "height": 76.0}, "distance": 22.7873, "label": 1.0, "confidence": 0.74, "vehicle_id": -1.0, "lane_num": -1.0}]}, {"time": 79, "vehicles": [{"box": {"x": 631.0, "y": 295.0, "width": 28.0, "height": 32.0}, "distance": 41.4223, "label": 2.0, "confidence": 0.89, "vehicle_id": -1.0, "lane_num": 0.0}, {"box": {"x": 491.0, "y": 293.0, "width": 85.0, "height": 71.0}, "distance": 24.1788, "label": 1.0, "confidence": 0.88, "vehicle_id": -1.0, "lane_num": -1.0}]}], "traffic_signs": {"stop_signs": [{"time": 0, "stop_signs": []}, {"time": 1, "stop_signs": []}, {"time": 2, "stop_signs": []}, {"time": 3, "stop_signs": []}, {"time": 4, "stop_signs": []}, {"time": 5, "stop_signs": []}, {"time": 6, "stop_signs": []}, {"time": 7, "stop_signs": []}, {"time": 8, "stop_signs": []}, {"time": 9, "stop_signs": []}, {"time": 10, "stop_signs": []}, {"time": 11, "stop_signs": []}, {"time": 12, "stop_signs": []}, {"time": 13, "stop_signs": []}, {"time": 14, "stop_signs": []}, {"time": 15, "stop_signs": []}, {"time": 16, "stop_signs": []}, {"time": 17, "stop_signs": []}, {"time": 18, "stop_signs": []}, {"time": 19, "stop_signs": []}, {"time": 20, "stop_signs": []}, {"time": 21, "stop_signs": []}, {"time": 22, "stop_signs": []}, {"time": 23, "stop_signs": []}, {"time": 24, "stop_signs": []}, {"time": 25, "stop_signs": []}, {"time": 26, "stop_signs": []}, {"time": 27, "stop_signs": []}, {"time": 28, "stop_signs": []}, {"time": 29, "stop_signs": []}, {"time": 30, "stop_signs": []}, {"time": 31, "stop_signs": []}, {"time": 32, "stop_signs": []}, {"time": 33, "stop_signs": []}, {"time": 34, "stop_signs": []}, {"time": 35, "stop_signs": []}, {"time": 36, "stop_signs": []}, {"time": 37, "stop_signs": []}, {"time": 38, "stop_signs": []}, {"time": 39, "stop_signs": []}, {"time": 40, "stop_signs": []}, {"time": 41, "stop_signs": []}, {"time": 42, "stop_signs": []}, {"time": 43, "stop_signs": []}, {"time": 44, "stop_signs": []}, {"time": 45, "stop_signs": []}, {"time": 46, "stop_signs": []}, {"time": 47, "stop_signs": []}, {"time": 48, "stop_signs": []}, {"time": 49, "stop_signs": []}, {"time": 50, "stop_signs": []}, {"time": 51, "stop_signs": []}, {"time": 52, "stop_signs": []}, {"time": 53, "stop_signs": []}, {"time": 54, "stop_signs": []}, {"time": 55, "stop_signs": []}, {"time": 56, "stop_signs": []}, {"time": 57, "stop_signs": []}, {"time": 58, "stop_signs": []}, {"time": 59, "stop_signs": []}, {"time": 60, "stop_signs": []}, {"time": 61, "stop_signs": []}, {"time": 62, "stop_signs": []}, {"time": 63, "stop_signs": []}, {"time": 64, "stop_signs": []}, {"time": 65, "stop_signs": []}, {"time": 66, "stop_signs": []}, {"time": 67, "stop_signs": []}, {"time": 68, "stop_signs": []}, {"time": 69, "stop_signs": []}, {"time": 70, "stop_signs": []}, {"time": 71, "stop_signs": []}, {"time": 72, "stop_signs": []}, {"time": 73, "stop_signs": []}, {"time": 74, "stop_signs": []}, {"time": 75, "stop_signs": []}, {"time": 76, "stop_signs": []}, {"time": 77, "stop_signs": []}, {"time": 78, "stop_signs": []}, {"time": 79, "stop_signs": []}], "speed_signs": [{"time": 0, "speed_signs": []}, {"time": 1, "speed_signs": []}, {"time": 2, "speed_signs": []}, {"time": 3, "speed_signs": []}, {"time": 4, "speed_signs": []}, {"time": 5, "speed_signs": []}, {"time": 6, "speed_signs": []}, {"time": 7, "speed_signs": []}, {"time": 8, "speed_signs": []}, {"time": 9, "speed_signs": []}, {"time": 10, "speed_signs": []}, {"time": 11, "speed_signs": []}, {"time": 12, "speed_signs": []}, {"time": 13, "speed_signs": []}, {"time": 14, "speed_signs": []}, {"time": 15, "speed_signs": []}, {"time": 16, "speed_signs": []}, {"time": 17, "speed_signs": []}, {"time": 18, "speed_signs": []}, {"time": 19, "speed_signs": []}, {"time": 20, "speed_signs": []}, {"time": 21, "speed_signs": []}, {"time": 22, "speed_signs": []}, {"time": 23, "speed_signs": []}, {"time": 24, "speed_signs": []}, {"time": 25, "speed_signs": []}, {"time": 26, "speed_signs": []}, {"time": 27, "speed_signs": []}, {"time": 28, "speed_signs": []}, {"time": 29, "speed_signs": []}, {"time": 30, "speed_signs": []}, {"time": 31, "speed_signs": []}, {"time": 32, "speed_signs": []}, {"time": 33, "speed_signs": []}, {"time": 34, "speed_signs": []}, {"time": 35, "speed_signs": []}, {"time": 36, "speed_signs": []}, {"time": 37, "speed_signs": []}, {"time": 38, "speed_signs": []}, {"time": 39, "speed_signs": []}, {"time": 40, "speed_signs": []}, {"time": 41, "speed_signs": []}, {"time": 42, "speed_signs": []}, {"time": 43, "speed_signs": []}, {"time": 44, "speed_signs": []}, {"time": 45, "speed_signs": []}, {"time": 46, "speed_signs": []}, {"time": 47, "speed_signs": []}, {"time": 48, "speed_signs": []}, {"time": 49, "speed_signs": []}, {"time": 50, "speed_signs": []}, {"time": 51, "speed_signs": []}, {"time": 52, "speed_signs": []}, {"time": 53, "speed_signs": []}, {"time": 54, "speed_signs": []}, {"time": 55, "speed_signs": []}, {"time": 56, "speed_signs": []}, {"time": 57, "speed_signs": []}, {"time": 58, "speed_signs": []}, {"time": 59, "speed_signs": []}, {"time": 60, "speed_signs": []}, {"time": 61, "speed_signs": []}, {"time": 62, "speed_signs": []}, {"time": 63, "speed_signs": []}, {"time": 64, "speed_signs": []}, {"time": 65, "speed_signs": []}, {"time": 66, "speed_signs": []}, {"time": 67, "speed_signs": []}, {"time": 68, "speed_signs": []}, {"time": 69, "speed_signs": []}, {"time": 70, "speed_signs": []}, {"time": 71, "speed_signs": []}, {"time": 72, "speed_signs": []}, {"time": 73, "speed_signs": []}, {"time": 74, "speed_signs": []}, {"time": 75, "speed_signs": []}, {"time": 76, "speed_signs": []}, {"time": 77, "speed_signs": []}, {"time": 78, "speed_signs": []}, {"time": 79, "speed_signs": []}]}, "dist_out": [{"time": 0, "distance_buckets": {"0-5": 0.0, "5-10": 0.0, "10-15": 0.0, "15-20": 0.0, "20-25": 0.0, "25-30": 0.0, "30-40": 0.0, "40-50": 0.0, "50-": 0.001}}, {"time": 1, "distance_buckets": {"0-5": 0.0, "5-10": 0.0, "10-15": 0.0, "15-20": 0.0, "20-25": 0.0, "25-30": 0.0, "30-40": 0.0, "40-50": 0.0, "50-": 0.001}}, {"time": 2, "distance_buckets": {"0-5": 0.0, "5-10": 0.0, "10-15": 0.0, "15-20": 0.0, "20-25": 0.0, "25-30": 0.0, "30-40": 0.0, "40-50": 0.0, "50-": 0.001}}, {"time": 3, "distance_buckets": {"0-5": 0.0, "5-10": 0.0, "10-15": 0.0, "15-20": 0.0, "20-25": 0.0, "25-30": 0.0, "30-40": 0.0, "40-50": 0.0, "50-": 0.001}}, {"time": 4, "distance_buckets": {"0-5": 0.0, "5-10": 0.0, "10-15": 0.0, "15-20": 0.0, "20-25": 0.0, "25-30": 0.0, "30-40": 0.0, "40-50": 0.0, "50-": 0.001}}, {"time": 5, "distance_buckets": {"0-5": 0.0, "5-10": 0.0, "10-15": 0.0, "15-20": 0.0, "20-25": 0.0, "25-30": 0.0, "30-40": 0.0, "40-50": 0.0, "50-": 0.001}}, {"time": 6, "distance_buckets": {"0-5": 0.0, "5-10": 0.0, "10-15": 0.0, "15-20": 0.0, "20-25": 0.0, "25-30": 0.0, "30-40": 0.0, "40-50": 0.0, "50-": 0.001}}, {"time": 7, "distance_buckets": {"0-5": 0.0, "5-10": 0.0, "10-15": 0.0, "15-20": 0.0, "20-25": 0.0, "25-30": 0.0, "30-40": 0.0, "40-50": 0.0, "50-": 0.001}}, {"time": 8, "distance_buckets": {"0-5": 0.0, "5-10": 0.0, "10-15": 0.0, "15-20": 0.0, "20-25": 0.0, "25-30": 0.0, "30-40": 0.0, "40-50": 0.0, "50-": 0.001}}, {"time": 9, "distance_buckets": {"0-5": 0.0, "5-10": 0.0, "10-15": 0.0, "15-20": 0.0, "20-25": 0.0, "25-30": 0.0, "30-40": 0.0, "40-50": 0.0, "50-": 0.001}}, {"time": 10, "distance_buckets": {"0-5": 0.0, "5-10": 0.0, "10-15": 0.0, "15-20": 0.0, "20-25": 0.0, "25-30": 0.0, "30-40": 0.0, "40-50": 0.0, "50-": 0.001}}, {"time": 11, "distance_buckets": {"0-5": 0.0, "5-10": 0.0, "10-15": 0.0, "15-20": 0.0, "20-25": 0.0, "25-30": 0.0, "30-40": 0.0, "40-50": 0.0, "50-": 0.001}}, {"time": 12, "distance_buckets": {"0-5": 0.0, "5-10": 0.0, "10-15": 0.0, "15-20": 0.0, "20-25": 0.0, "25-30": 0.0, "30-40": 0.0, "40-50": 0.0, "50-": 0.001}}, {"time": 13, "distance_buckets": {"0-5": 0.0, "5-10": 0.0, "10-15": 0.0, "15-20": 0.0, "20-25": 0.0, "25-30": 0.0, "30-40": 0.0, "40-50": 0.0, "50-": 0.001}}, {"time": 14, "distance_buckets": {"0-5": 0.0, "5-10": 0.0, "10-15": 0.0, "15-20": 0.0, "20-25": 0.0, "25-30": 0.0, "30-40": 0.0, "40-50": 0.0, "50-": 0.001}}, {"time": 15, "distance_buckets": {"0-5": 0.0, "5-10": 0.0, "10-15": 0.0, "15-20": 0.0, "20-25": 0.0, "25-30": 0.0, "30-40": 0.0, "40-50": 0.0, "50-": 0.001}}, {"time": 16, "distance_buckets": {"0-5": 0.0, "5-10": 0.0, "10-15": 0.0, "15-20": 0.0, "20-25": 0.0, "25-30": 0.0, "30-40": 0.0, "40-50": 0.0, "50-": 0.001}}, {"time": 17, "distance_buckets": {"0-5": 0.0, "5-10": 0.0, "10-15": 0.0, "15-20": 0.0, "20-25": 0.0, "25-30": 0.0, "30-40": 0.0, "40-50": 0.0, "50-": 0.001}}, {"time": 18, "distance_buckets": {"0-5": 0.0, "5-10": 0.0, "10-15": 0.0, "15-20": 0.0, "20-25": 0.0, "25-30": 0.0, "30-40": 0.0, "40-50": 0.0, "50-": 0.001}}, {"time": 19, "distance_buckets": {"0-5": 0.0, "5-10": 0.0, "10-15": 0.0, "15-20": 0.0, "20-25": 0.0, "25-30": 0.0, "30-40": 0.0, "40-50": 0.0, "50-": 0.001}}, {"time": 20, "distance_buckets": {"0-5": 0.0, "5-10": 0.0, "10-15": 0.0, "15-20": 0.0, "20-25": 0.0, "25-30": 0.0, "30-40": 0.0, "40-50": 0.0, "50-": 0.001}}, {"time": 21, "distance_buckets": {"0-5": 0.0, "5-10": 0.0, "10-15": 0.0, "15-20": 0.0, "20-25": 0.0, "25-30": 0.0, "30-40": 0.0, "40-50": 0.0, "50-": 0.001}}, {"time": 22, "distance_buckets": {"0-5": 0.0, "5-10": 0.0, "10-15": 0.0, "15-20": 0.0, "20-25": 0.0, "25-30": 0.0, "30-40": 0.0, "40-50": 0.0, "50-": 0.001}}, {"time": 23, "distance_buckets": {"0-5": 0.0, "5-10": 0.0, "10-15": 0.0, "15-20": 0.0, "20-25": 0.0, "25-30": 0.0, "30-40": 0.0, "40-50": 0.0, "50-": 0.001}}, {"time": 24, "distance_buckets": {"0-5": 0.0, "5-10": 0.0, "10-15": 0.0, "15-20": 0.0, "20-25": 0.0, "25-30": 0.0, "30-40": 0.0, "40-50": 0.0, "50-": 0.001}}, {"time": 25, "distance_buckets": {"0-5": 0.0, "5-10": 0.0, "10-15": 0.0, "15-20": 0.0, "20-25": 0.0, "25-30": 0.0, "30-40": 0.0, "40-50": 0.0, "50-": 0.001}}, {"time": 26, "distance_buckets": {"0-5": 0.0, "5-10": 0.0, "10-15": 0.0, "15-20": 0.0, "20-25": 0.0, "25-30": 0.0, "30-40": 0.0, "40-50": 0.0, "50-": 0.001}}, {"time": 27, "distance_buckets": {"0-5": 0.0, "5-10": 0.0, "10-15": 0.0, "15-20": 0.0, "20-25": 0.0, "25-30": 0.0, "30-40": 0.0, "40-50": 0.0, "50-": 0.001}}, {"time": 28, "distance_buckets": {"0-5": 0.0, "5-10": 0.0, "10-15": 0.0, "15-20": 0.0, "20-25": 0.0, "25-30": 0.0, "30-40": 0.0, "40-50": 0.0, "50-": 0.001}}, {"time": 29, "distance_buckets": {"0-5": 0.0, "5-10": 0.0, "10-15": 0.0, "15-20": 0.0, "20-25": 0.0, "25-30": 0.0, "30-40": 0.0, "40-50": 0.0, "50-": 0.001}}, {"time": 30, "distance_buckets": {"0-5": 0.0, "5-10": 0.0, "10-15": 0.0, "15-20": 0.0, "20-25": 0.0, "25-30": 0.0, "30-40": 0.0, "40-50": 0.0, "50-": 0.001}}, {"time": 31, "distance_buckets": {"0-5": 0.0, "5-10": 0.0, "10-15": 0.0, "15-20": 0.0, "20-25": 0.0, "25-30": 0.0, "30-40": 0.0, "40-50": 0.0, "50-": 0.001}}, {"time": 32, "distance_buckets": {"0-5": 0.0, "5-10": 0.0, "10-15": 0.0, "15-20": 0.0, "20-25": 0.0, "25-30": 0.0, "30-40": 0.0, "40-50": 0.0, "50-": 0.001}}, {"time": 33, "distance_buckets": {"0-5": 0.0, "5-10": 0.0, "10-15": 0.0, "15-20": 0.0, "20-25": 0.0, "25-30": 0.0, "30-40": 0.0, "40-50": 0.0, "50-": 0.001}}, {"time": 34, "distance_buckets": {"0-5": 0.0, "5-10": 0.0, "10-15": 0.0, "15-20": 0.0, "20-25": 0.0, "25-30": 0.0, "30-40": 0.0, "40-50": 0.0, "50-": 0.001}}, {"time": 35, "distance_buckets": {"0-5": 0.0, "5-10": 0.0, "10-15": 0.0, "15-20": 0.0, "20-25": 0.0, "25-30": 0.0, "30-40": 0.0, "40-50": 0.0, "50-": 0.001}}, {"time": 36, "distance_buckets": {"0-5": 0.0, "5-10": 0.0, "10-15": 0.0, "15-20": 0.0, "20-25": 0.0, "25-30": 0.0, "30-40": 0.0, "40-50": 0.0, "50-": 0.001}}, {"time": 37, "distance_buckets": {"0-5": 0.0, "5-10": 0.0, "10-15": 0.0, "15-20": 0.0, "20-25": 0.0, "25-30": 0.0, "30-40": 0.0, "40-50": 0.0, "50-": 0.001}}, {"time": 38, "distance_buckets": {"0-5": 0.0, "5-10": 0.0, "10-15": 0.0, "15-20": 0.0, "20-25": 0.0, "25-30": 0.0, "30-40": 0.0, "40-50": 0.0, "50-": 0.001}}, {"time": 39, "distance_buckets": {"0-5": 0.0, "5-10": 0.0, "10-15": 0.0, "15-20": 0.0, "20-25": 0.0, "25-30": 0.0, "30-40": 0.0, "40-50": 0.0, "50-": 0.001}}, {"time": 40, "distance_buckets": {"0-5": 0.0, "5-10": 0.0, "10-15": 0.0, "15-20": 0.0, "20-25": 0.0, "25-30": 0.0, "30-40": 0.0, "40-50": 0.0, "50-": 0.001}}, {"time": 41, "distance_buckets": {"0-5": 0.0, "5-10": 0.0, "10-15": 0.0, "15-20": 0.0, "20-25": 0.0, "25-30": 0.0, "30-40": 0.0, "40-50": 0.0, "50-": 0.001}}, {"time": 42, "distance_buckets": {"0-5": 0.0, "5-10": 0.0, "10-15": 0.0, "15-20": 0.0, "20-25": 0.0, "25-30": 0.0, "30-40": 0.0, "40-50": 0.0, "50-": 0.001}}, {"time": 43, "distance_buckets": {"0-5": 0.0, "5-10": 0.0, "10-15": 0.0, "15-20": 0.0, "20-25": 0.0, "25-30": 0.0, "30-40": 0.0, "40-50": 0.0, "50-": 0.001}}, {"time": 44, "distance_buckets": {"0-5": 0.0, "5-10": 0.0, "10-15": 0.0, "15-20": 0.0, "20-25": 0.0, "25-30": 0.0, "30-40": 0.0, "40-50": 0.0, "50-": 0.001}}, {"time": 45, "distance_buckets": {"0-5": 0.0, "5-10": 0.0, "10-15": 0.0, "15-20": 0.0, "20-25": 0.0, "25-30": 0.0, "30-40": 0.0, "40-50": 0.0, "50-": 0.001}}, {"time": 46, "distance_buckets": {"0-5": 0.0, "5-10": 0.0, "10-15": 0.0, "15-20": 0.0, "20-25": 0.0, "25-30": 0.0, "30-40": 0.0, "40-50": 0.0, "50-": 0.001}}, {"time": 47, "distance_buckets": {"0-5": 0.0, "5-10": 0.0, "10-15": 0.0, "15-20": 0.0, "20-25": 0.0, "25-30": 0.0, "30-40": 0.0, "40-50": 0.0, "50-": 0.001}}, {"time": 48, "distance_buckets": {"0-5": 0.0, "5-10": 0.0, "10-15": 0.0, "15-20": 0.0, "20-25": 0.0, "25-30": 0.0, "30-40": 0.0, "40-50": 0.0, "50-": 0.001}}, {"time": 49, "distance_buckets": {"0-5": 0.0, "5-10": 0.0, "10-15": 0.0, "15-20": 0.0, "20-25": 0.0, "25-30": 0.0, "30-40": 0.0, "40-50": 0.0, "50-": 0.001}}, {"time": 50, "distance_buckets": {"0-5": 0.0, "5-10": 0.0, "10-15": 0.0, "15-20": 0.0, "20-25": 0.0, "25-30": 0.0, "30-40": 0.0, "40-50": 0.0, "50-": 0.001}}, {"time": 51, "distance_buckets": {"0-5": 0.0, "5-10": 0.0, "10-15": 0.0, "15-20": 0.0, "20-25": 0.0, "25-30": 0.0, "30-40": 0.0, "40-50": 0.0, "50-": 0.001}}, {"time": 52, "distance_buckets": {"0-5": 0.0, "5-10": 0.0, "10-15": 0.0, "15-20": 0.0, "20-25": 0.0, "25-30": 0.0, "30-40": 0.0, "40-50": 0.0, "50-": 0.001}}, {"time": 53, "distance_buckets": {"0-5": 0.0, "5-10": 0.0, "10-15": 0.0, "15-20": 0.0, "20-25": 0.0, "25-30": 0.0, "30-40": 0.0, "40-50": 0.0, "50-": 0.001}}, {"time": 54, "distance_buckets": {"0-5": 0.0, "5-10": 0.0, "10-15": 0.0, "15-20": 0.0, "20-25": 0.0, "25-30": 0.0, "30-40": 0.0, "40-50": 0.0, "50-": 0.001}}, {"time": 55, "distance_buckets": {"0-5": 0.0, "5-10": 0.0, "10-15": 0.0, "15-20": 0.0, "20-25": 0.0, "25-30": 0.0, "30-40": 0.0, "40-50": 0.0, "50-": 0.001}}, {"time": 56, "distance_buckets": {"0-5": 0.0, "5-10": 0.0, "10-15": 0.0, "15-20": 0.0, "20-25": 0.0, "25-30": 0.0, "30-40": 0.0, "40-50": 0.0, "50-": 0.001}}, {"time": 57, "distance_buckets": {"0-5": 0.0, "5-10": 0.0, "10-15": 0.0, "15-20": 0.0, "20-25": 0.0, "25-30": 0.0, "30-40": 0.0, "40-50": 0.0, "50-": 0.001}}, {"time": 58, "distance_buckets": {"0-5": 0.0, "5-10": 0.0, "10-15": 0.0, "15-20": 0.0, "20-25": 0.0, "25-30": 0.0, "30-40": 0.0, "40-50": 0.0, "50-": 0.001}}, {"time": 59, "distance_buckets": {"0-5": 0.0, "5-10": 0.0, "10-15": 0.0, "15-20": 0.0, "20-25": 0.0, "25-30": 0.0, "30-40": 0.0, "40-50": 0.0, "50-": 0.001}}, {"time": 60, "distance_buckets": {"0-5": 0.0, "5-10": 0.0, "10-15": 0.0, "15-20": 0.0, "20-25": 0.0, "25-30": 0.0, "30-40": 0.0, "40-50": 0.0, "50-": 0.001}}, {"time": 61, "distance_buckets": {"0-5": 0.0, "5-10": 0.0, "10-15": 0.0, "15-20": 0.0, "20-25": 0.0, "25-30": 0.0, "30-40": 0.0, "40-50": 0.0, "50-": 0.001}}, {"time": 62, "distance_buckets": {"0-5": 0.0, "5-10": 0.0, "10-15": 0.0, "15-20": 0.0, "20-25": 0.0, "25-30": 0.0, "30-40": 0.0, "40-50": 0.0, "50-": 0.001}}, {"time": 63, "distance_buckets": {"0-5": 0.0, "5-10": 0.0, "10-15": 0.0, "15-20": 0.0, "20-25": 0.0, "25-30": 0.0, "30-40": 0.0, "40-50": 0.0, "50-": 0.001}}, {"time": 64, "distance_buckets": {"0-5": 0.0, "5-10": 0.0, "10-15": 0.0, "15-20": 0.0, "20-25": 0.0, "25-30": 0.0, "30-40": 0.0, "40-50": 0.0, "50-": 0.001}}, {"time": 65, "distance_buckets": {"0-5": 0.0, "5-10": 0.0, "10-15": 0.0, "15-20": 0.0, "20-25": 0.0, "25-30": 0.0, "30-40": 0.0, "40-50": 0.0, "50-": 0.001}}, {"time": 66, "distance_buckets": {"0-5": 0.0, "5-10": 0.0, "10-15": 0.0, "15-20": 0.0, "20-25": 0.0, "25-30": 0.0, "30-40": 0.0, "40-50": 0.0, "50-": 0.001}}, {"time": 67, "distance_buckets": {"0-5": 0.0, "5-10": 0.0, "10-15": 0.0, "15-20": 0.0, "20-25": 0.0, "25-30": 0.0, "30-40": 0.0, "40-50": 0.0, "50-": 0.001}}, {"time": 68, "distance_buckets": {"0-5": 0.0, "5-10": 0.0, "10-15": 0.0, "15-20": 0.0, "20-25": 0.0, "25-30": 0.0, "30-40": 0.0, "40-50": 0.0, "50-": 0.001}}, {"time": 69, "distance_buckets": {"0-5": 0.0, "5-10": 0.0, "10-15": 0.0, "15-20": 0.0, "20-25": 0.0, "25-30": 0.0, "30-40": 0.0, "40-50": 0.0, "50-": 0.001}}, {"time": 70, "distance_buckets": {"0-5": 0.0, "5-10": 0.0, "10-15": 0.0, "15-20": 0.0, "20-25": 0.0, "25-30": 0.0, "30-40": 0.0, "40-50": 0.0, "50-": 0.001}}, {"time": 71, "distance_buckets": {"0-5": 0.0, "5-10": 0.0, "10-15": 0.0, "15-20": 0.0, "20-25": 0.0, "25-30": 0.0, "30-40": 0.0, "40-50": 0.0, "50-": 0.001}}, {"time": 72, "distance_buckets": {"0-5": 0.0, "5-10": 0.0, "10-15": 0.0, "15-20": 0.0, "20-25": 0.0, "25-30": 0.0, "30-40": 0.0, "40-50": 0.0, "50-": 0.001}}, {"time": 73, "distance_buckets": {"0-5": 0.0, "5-10": 0.0, "10-15": 0.0, "15-20": 0.0, "20-25": 0.0, "25-30": 0.0, "30-40": 0.0, "40-50": 0.0, "50-": 0.001}}, {"time": 74, "distance_buckets": {"0-5": 0.0, "5-10": 0.0, "10-15": 0.0, "15-20": 0.0, "20-25": 0.0, "25-30": 0.0, "30-40": 0.0, "40-50": 0.0, "50-": 0.001}}, {"time": 75, "distance_buckets": {"0-5": 0.0, "5-10": 0.0, "10-15": 0.0, "15-20": 0.0, "20-25": 0.0, "25-30": 0.0, "30-40": 0.0, "40-50": 0.0, "50-": 0.001}}, {"time": 76, "distance_buckets": {"0-5": 0.0, "5-10": 0.0, "10-15": 0.0, "15-20": 0.0, "20-25": 0.0, "25-30": 0.0, "30-40": 0.0, "40-50": 0.0, "50-": 0.001}}, {"time": 77, "distance_buckets": {"0-5": 0.0, "5-10": 0.0, "10-15": 0.0, "15-20": 0.0, "20-25": 0.0, "25-30": 0.0, "30-40": 0.0, "40-50": 0.0, "50-": 0.001}}, {"time": 78, "distance_buckets": {"0-5": 0.0, "5-10": 0.0, "10-15": 0.0, "15-20": 0.0, "20-25": 0.0, "25-30": 0.0, "30-40": 0.0, "40-50": 0.0, "50-": 0.001}}, {"time": 79, "distance_buckets": {"0-5": 0.0, "5-10": 0.0, "10-15": 0.0, "15-20": 0.0, "20-25": 0.0, "25-30": 0.0, "30-40": 0.0, "40-50": 0.0, "50-": 0.001}}], "cls_out": [{"time": 0, "cls_out": [0.1168]}, {"time": 1, "cls_out": [0.2263]}, {"time": 2, "cls_out": [0.1929]}, {"time": 3, "cls_out": [0.1584]}, {"time": 4, "cls_out": [0.1929]}, {"time": 5, "cls_out": [0.1477]}, {"time": 6, "cls_out": [0.2158]}, {"time": 7, "cls_out": [0.2909]}, {"time": 8, "cls_out": [0.187]}, {"time": 9, "cls_out": [0.2988]}, {"time": 10, "cls_out": [0.2511]}, {"time": 11, "cls_out": [0.1733]}, {"time": 12, "cls_out": [0.1973]}, {"time": 13, "cls_out": [0.2341]}, {"time": 14, "cls_out": [0.2356]}, {"time": 15, "cls_out": [0.2793]}, {"time": 16, "cls_out": [0.226]}, {"time": 17, "cls_out": [0.297]}, {"time": 18, "cls_out": [0.269]}, {"time": 19, "cls_out": [0.2401]}, {"time": 20, "cls_out": [0.2517]}, {"time": 21, "cls_out": [0.3196]}, {"time": 22, "cls_out": [0.2849]}, {"time": 23, "cls_out": [0.2761]}, {"time": 24, "cls_out": [0.2502]}, {"time": 25, "cls_out": [0.242]}, {"time": 26, "cls_out": [0.2376]}, {"time": 27, "cls_out": [0.3009]}, {"time": 28, "cls_out": [0.2246]}, {"time": 29, "cls_out": [0.2661]}, {"time": 30, "cls_out": [0.2031]}, {"time": 31, "cls_out": [0.2532]}, {"time": 32, "cls_out": [0.2834]}, {"time": 33, "cls_out": [0.2557]}, {"time": 34, "cls_out": [0.2873]}, {"time": 35, "cls_out": [0.3514]}, {"time": 36, "cls_out": [0.2137]}, {"time": 37, "cls_out": [0.3335]}, {"time": 38, "cls_out": [0.2865]}, {"time": 39, "cls_out": [0.3024]}, {"time": 40, "cls_out": [0.2895]}, {"time": 41, "cls_out": [0.2242]}, {"time": 42, "cls_out": [0.277]}, {"time": 43, "cls_out": [0.2236]}, {"time": 44, "cls_out": [0.2151]}, {"time": 45, "cls_out": [0.2098]}, {"time": 46, "cls_out": [0.1791]}, {"time": 47, "cls_out": [0.2258]}, {"time": 48, "cls_out": [0.2267]}, {"time": 49, "cls_out": [0.2745]}, {"time": 50, "cls_out": [0.2231]}, {"time": 51, "cls_out": [0.2074]}, {"time": 52, "cls_out": [0.262]}, {"time": 53, "cls_out": [0.2513]}, {"time": 54, "cls_out": [0.2434]}, {"time": 55, "cls_out": [0.2227]}, {"time": 56, "cls_out": [0.2119]}, {"time": 57, "cls_out": [0.2969]}, {"time": 58, "cls_out": [0.2258]}, {"time": 59, "cls_out": [0.2568]}, {"time": 60, "cls_out": [0.2182]}, {"time": 61, "cls_out": [0.2571]}, {"time": 62, "cls_out": [0.2352]}, {"time": 63, "cls_out": [0.2853]}, {"time": 64, "cls_out": [0.157]}, {"time": 65, "cls_out": [0.2274]}, {"time": 66, "cls_out": [0.1724]}, {"time": 67, "cls_out": [0.2117]}, {"time": 68, "cls_out": [0.1787]}, {"time": 69, "cls_out": [0.1774]}, {"time": 70, "cls_out": [0.1427]}, {"time": 71, "cls_out": [0.1434]}, {"time": 72, "cls_out": [0.2233]}, {"time": 73, "cls_out": [0.2365]}, {"time": 74, "cls_out": [0.1817]}, {"time": 75, "cls_out": [0.2046]}, {"time": 76, "cls_out": [0.1697]}, {"time": 77, "cls_out": [0.1774]}, {"time": 78, "cls_out": [0.2523]}, {"time": 79, "cls_out": [0.2462]}], "statistics": {}, "cam_init": {"init_status": 3, "horizon": {"coef_a": 0.0, "coef_b": -0.0033, "coef_c": 1.0}, "camera_height": 1.9135, "plane_normal": {"x": 0.0002, "y": -1.0, "z": -0.0042}, "vanishing_point": {"x": 643.6381, "y": 300.1292}, "rectified_lane_scale": 1045.563, "homography_ipm": {"hx": {"x": 1.0002, "y": -0.9852, "z": -332.3459}, "hy": {"x": 0.0001, "y": -0.4707, "z": -495.9139}, "hz": {"x": 0.0, "y": -0.0016, "z": 0.4706}}}}