{"lanes": [{"time": 0, "lane_lines": []}, {"time": 1, "lane_lines": []}, {"time": 2, "lane_lines": []}, {"time": 3, "lane_lines": []}, {"time": 4, "lane_lines": []}, {"time": 5, "lane_lines": []}, {"time": 6, "lane_lines": []}, {"time": 7, "lane_lines": []}, {"time": 8, "lane_lines": []}, {"time": 9, "lane_lines": []}, {"time": 10, "lane_lines": []}, {"time": 11, "lane_lines": []}, {"time": 12, "lane_lines": []}, {"time": 13, "lane_lines": []}, {"time": 14, "lane_lines": []}, {"time": 15, "lane_lines": []}, {"time": 16, "lane_lines": []}, {"time": 17, "lane_lines": []}, {"time": 18, "lane_lines": []}, {"time": 19, "lane_lines": []}, {"time": 20, "lane_lines": []}, {"time": 21, "lane_lines": []}, {"time": 22, "lane_lines": []}, {"time": 23, "lane_lines": []}, {"time": 24, "lane_lines": []}, {"time": 25, "lane_lines": []}, {"time": 26, "lane_lines": []}, {"time": 27, "lane_lines": []}, {"time": 28, "lane_lines": []}, {"time": 29, "lane_lines": []}, {"time": 30, "lane_lines": []}, {"time": 31, "lane_lines": []}, {"time": 32, "lane_lines": []}, {"time": 33, "lane_lines": []}, {"time": 34, "lane_lines": []}, {"time": 35, "lane_lines": []}, {"time": 36, "lane_lines": []}, {"time": 37, "lane_lines": []}, {"time": 38, "lane_lines": []}, {"time": 39, "lane_lines": []}, {"time": 40, "lane_lines": []}, {"time": 41, "lane_lines": []}, {"time": 42, "lane_lines": []}, {"time": 43, "lane_lines": []}, {"time": 44, "lane_lines": []}, {"time": 45, "lane_lines": []}, {"time": 46, "lane_lines": []}, {"time": 47, "lane_lines": []}, {"time": 48, "lane_lines": []}, {"time": 49, "lane_lines": []}, {"time": 50, "lane_lines": []}, {"time": 51, "lane_lines": []}, {"time": 52, "lane_lines": []}, {"time": 53, "lane_lines": []}, {"time": 54, "lane_lines": []}, {"time": 55, "lane_lines": []}, {"time": 56, "lane_lines": []}, {"time": 57, "lane_lines": []}, {"time": 58, "lane_lines": []}, {"time": 59, "lane_lines": []}, {"time": 60, "lane_lines": []}, {"time": 61, "lane_lines": []}, {"time": 62, "lane_lines": []}, {"time": 63, "lane_lines": []}, {"time": 64, "lane_lines": []}, {"time": 65, "lane_lines": []}, {"time": 66, "lane_lines": []}, {"time": 67, "lane_lines": []}, {"time": 68, "lane_lines": []}, {"time": 69, "lane_lines": []}, {"time": 70, "lane_lines": []}, {"time": 71, "lane_lines": []}, {"time": 72, "lane_lines": []}, {"time": 73, "lane_lines": []}, {"time": 74, "lane_lines": []}, {"time": 75, "lane_lines": []}, {"time": 76, "lane_lines": []}, {"time": 77, "lane_lines": []}, {"time": 78, "lane_lines": []}, {"time": 79, "lane_lines": []}], "vehicles": [{"time": 0, "vehicles": [{"box": {"x": 614.0, "y": 247.0, "width": 95.0, "height": 131.0}, "distance": 12.5901, "label": 2.0, "confidence": 0.93, "vehicle_id": -1.0, "lane_num": 0.0}, {"box": {"x": 572.0, "y": 298.0, "width": 30.0, "height": 29.0}, "distance": 27.6571, "label": 1.0, "confidence": 0.66, "vehicle_id": -1.0, "lane_num": -1.0}]}, {"time": 1, "vehicles": [{"box": {"x": 614.0, "y": 244.0, "width": 96.0, "height": 133.0}, "distance": 12.5076, "label": 2.0, "confidence": 0.93, "vehicle_id": -1.0, "lane_num": 0.0}, {"box": {"x": 574.0, "y": 296.0, "width": 31.0, "height": 31.0}, "distance": 23.5385, "label": 1.0, "confidence": 0.78, "vehicle_id": -1.0, "lane_num": -1.0}, {"box": {"x": 505.0, "y": 297.0, "width": 20.0, "height": 13.0}, "distance": 15.8245, "label": 2.0, "confidence": 0.49, "vehicle_id": -1.0, "lane_num": -2.0}]}, {"time": 2, "vehicles": [{"box": {"x": 612.0, "y": 244.0, "width": 98.0, "height": 134.0}, "distance": 11.5368, "label": 2.0, "confidence": 0.93, "vehicle_id": -1.0, "lane_num": 0.0}, {"box": {"x": 575.0, "y": 296.0, "width": 31.0, "height": 31.0}, "distance": 21.284, "label": 1.0, "confidence": 0.75, "vehicle_id": -1.0, "lane_num": -1.0}, {"box": {"x": 439.0, "y": 299.0, "width": 29.0, "height": 17.0}, "distance": 12.8309, "label": 2.0, "confidence": 0.74, "vehicle_id": -1.0, "lane_num": -2.0}]}, {"time": 3, "vehicles": [{"box": {"x": 612.0, "y": 246.0, "width": 98.0, "height": 131.0}, "distance": 12.2356, "label": 2.0, "confidence": 0.92, "vehicle_id": -1.0, "lane_num": 0.0}, {"box": {"x": 575.0, "y": 296.0, "width": 32.0, "height": 31.0}, "distance": 22.3927, "label": 1.0, "confidence": 0.77, "vehicle_id": -1.0, "lane_num": -1.0}, {"box": {"x": 258.0, "y": 303.0, "width": 74.0, "height": 28.0}, "distance": 10.546, "label": 0.0, "confidence": 0.67, "vehicle_id": -1.0, "lane_num": -2.0}, {"box": {"x": 400.0, "y": 297.0, "width": 51.0, "height": 22.0}, "distance": 11.1613, "label": 2.0, "confidence": 0.4, "vehicle_id": -1.0, "lane_num": -2.0}]}, {"time": 4, "vehicles": [{"box": {"x": 613.0, "y": 245.0, "width": 96.0, "height": 130.0}, "distance": 11.9538, "label": 2.0, "confidence": 0.92, "vehicle_id": -1.0, "lane_num": 0.0}, {"box": {"x": 575.0, "y": 296.0, "width": 32.0, "height": 30.0}, "distance": 23.0876, "label": 1.0, "confidence": 0.79, "vehicle_id": -1.0, "lane_num": -1.0}, {"box": {"x": 453.0, "y": 297.0, "width": 24.0, "height": 14.0}, "distance": 10.9929, "label": 2.0, "confidence": 0.59, "vehicle_id": -1.0, "lane_num": -2.0}, {"box": {"x": 481.0, "y": 298.0, "width": 21.0, "height": 13.0}, "distance": 10.1657, "label": 2.0, "confidence": 0.39, "vehicle_id": -1.0, "lane_num": -2.0}, {"box": {"x": 295.0, "y": 293.0, "width": 54.0, "height": 24.0}, "distance": 10.3956, "label": 2.0, "confidence": 0.37, "vehicle_id": -1.0, "lane_num": -2.0}]}, {"time": 5, "vehicles": [{"box": {"x": 614.0, "y": 241.0, "width": 96.0, "height": 130.0}, "distance": 12.213, "label": 2.0, "confidence": 0.93, "vehicle_id": -1.0, "lane_num": 0.0}, {"box": {"x": 576.0, "y": 294.0, "width": 30.0, "height": 30.0}, "distance": 35.9788, "label": 1.0, "confidence": 0.86, "vehicle_id": -1.0, "lane_num": -1.0}, {"box": {"x": 332.0, "y": 297.0, "width": 61.0, "height": 25.0}, "distance": 14.0583, "label": 2.0, "confidence": 0.67, "vehicle_id": -1.0, "lane_num": -2.0}, {"box": {"x": 554.0, "y": 288.0, "width": 12.0, "height": 10.0}, "distance": 20.5006, "label": 2.0, "confidence": 0.18, "vehicle_id": -1.0, "lane_num": -2.0}]}, {"time": 6, "vehicles": [{"box": {"x": 614.0, "y": 250.0, "width": 93.0, "height": 127.0}, "distance": 11.6556, "label": 2.0, "confidence": 0.92, "vehicle_id": -1.0, "lane_num": 0.0}, {"box": {"x": 576.0, "y": 299.0, "width": 30.0, "height": 30.0}, "distance": 34.2459, "label": 1.0, "confidence": 0.81, "vehicle_id": -1.0, "lane_num": -1.0}, {"box": {"x": 566.0, "y": 288.0, "width": 15.0, "height": 13.0}, "distance": 25.8237, "label": 2.0, "confidence": 0.14, "vehicle_id": -1.0, "lane_num": -2.0}, {"box": {"x": 552.0, "y": 295.0, "width": 10.0, "height": 9.0}, "distance": 8.2796, "label": 2.0, "confidence": 0.14, "vehicle_id": -1.0, "lane_num": -2.0}]}, {"time": 7, "vehicles": [{"box": {"x": 616.0, "y": 247.0, "width": 89.0, "height": 122.0}, "distance": 13.0201, "label": 2.0, "confidence": 0.92, "vehicle_id": -1.0, "lane_num": 0.0}, {"box": {"x": 577.0, "y": 292.0, "width": 31.0, "height": 31.0}, "distance": 32.8956, "label": 1.0, "confidence": 0.78, "vehicle_id": -1.0, "lane_num": -1.0}, {"box": {"x": 498.0, "y": 292.0, "width": 20.0, "height": 15.0}, "distance": 18.9656, "label": 2.0, "confidence": 0.43, "vehicle_id": -1.0, "lane_num": -2.0}, {"box": {"x": 531.0, "y": 290.0, "width": 13.0, "height": 11.0}, "distance": 16.54, "label": 2.0, "confidence": 0.2, "vehicle_id": -1.0, "lane_num": -2.0}, {"box": {"x": 549.0, "y": 282.0, "width": 17.0, "height": 17.0}, "distance": 9.2255, "label": 2.0, "confidence": 0.13, "vehicle_id": -1.0, "lane_num": -2.0}]}, {"time": 8, "vehicles": [{"box": {"x": 616.0, "y": 248.0, "width": 87.0, "height": 118.0}, "distance": 12.9425, "label": 2.0, "confidence": 0.92, "vehicle_id": -1.0, "lane_num": 0.0}, {"box": {"x": 575.0, "y": 292.0, "width": 32.0, "height": 31.0}, "distance": 33.1609, "label": 1.0, "confidence": 0.85, "vehicle_id": -1.0, "lane_num": -1.0}, {"box": {"x": 427.0, "y": 296.0, "width": 32.0, "height": 19.0}, "distance": 12.7259, "label": 2.0, "confidence": 0.77, "vehicle_id": -1.0, "lane_num": -2.0}, {"box": {"x": 493.0, "y": 291.0, "width": 18.0, "height": 16.0}, "distance": 16.8994, "label": 2.0, "confidence": 0.47, "vehicle_id": -1.0, "lane_num": -2.0}, {"box": {"x": 515.0, "y": 281.0, "width": 29.0, "height": 24.0}, "distance": 13.2887, "label": 2.0, "confidence": 0.44, "vehicle_id": -1.0, "lane_num": -2.0}]}, {"time": 9, "vehicles": [{"box": {"x": 616.0, "y": 248.0, "width": 86.0, "height": 116.0}, "distance": 14.0625, "label": 2.0, "confidence": 0.91, "vehicle_id": -1.0, "lane_num": 0.0}, {"box": {"x": 575.0, "y": 292.0, "width": 31.0, "height": 31.0}, "distance": 36.0935, "label": 1.0, "confidence": 0.88, "vehicle_id": -1.0, "lane_num": -1.0}, {"box": {"x": 220.0, "y": 302.0, "width": 84.0, "height": 35.0}, "distance": 13.4879, "label": 2.0, "confidence": 0.86, "vehicle_id": -1.0, "lane_num": -2.0}, {"box": {"x": 443.0, "y": 279.0, "width": 51.0, "height": 33.0}, "distance": 13.1948, "label": 2.0, "confidence": 0.84, "vehicle_id": -1.0, "lane_num": -2.0}, {"box": {"x": 418.0, "y": 296.0, "width": 27.0, "height": 19.0}, "distance": 10.1939, "label": 2.0, "confidence": 0.7, "vehicle_id": -1.0, "lane_num": -2.0}, {"box": {"x": 1.0, "y": 277.0, "width": 145.0, "height": 72.0}, "distance": 12.2289, "label": 2.0, "confidence": 0.33, "vehicle_id": -1.0, "lane_num": -2.0}, {"box": {"x": 497.0, "y": 291.0, "width": 16.0, "height": 14.0}, "distance": 12.8427, "label": 2.0, "confidence": 0.29, "vehicle_id": -1.0, "lane_num": -2.0}, {"box": {"x": 552.0, "y": 287.0, "width": 17.0, "height": 11.0}, "distance": 17.918, "label": 2.0, "confidence": 0.27, "vehicle_id": -1.0, "lane_num": -2.0}, {"box": {"x": 611.0, "y": 289.0, "width": 10.0, "height": 15.0}, "distance": 31.5405, "label": 1.0, "confidence": 0.14, "vehicle_id": -1.0, "lane_num": -1.0}, {"box": {"x": 498.0, "y": 284.0, "width": 28.0, "height": 20.0}, "distance": 10.6921, "label": 2.0, "confidence": 0.14, "vehicle_id": -1.0, "lane_num": -2.0}]}, {"time": 10, "vehicles": [{"box": {"x": 617.0, "y": 246.0, "width": 88.0, "height": 116.0}, "distance": 13.0625, "label": 2.0, "confidence": 0.9, "vehicle_id": -1.0, "lane_num": 0.0}, {"box": {"x": 181.0, "y": 266.0, "width": 162.0, "height": 72.0}, "distance": 14.4471, "label": 2.0, "confidence": 0.88, "vehicle_id": -1.0, "lane_num": -2.0}, {"box": {"x": 573.0, "y": 290.0, "width": 32.0, "height": 32.0}, "distance": 33.2771, "label": 1.0, "confidence": 0.84, "vehicle_id": -1.0, "lane_num": -1.0}, {"box": {"x": 426.0, "y": 294.0, "width": 33.0, "height": 19.0}, "distance": 11.7275, "label": 2.0, "confidence": 0.77, "vehicle_id": -1.0, "lane_num": -2.0}, {"box": {"x": 515.0, "y": 288.0, "width": 20.0, "height": 14.0}, "distance": 13.4548, "label": 2.0, "confidence": 0.41, "vehicle_id": -1.0, "lane_num": -2.0}, {"box": {"x": 611.0, "y": 289.0, "width": 11.0, "height": 16.0}, "distance": 38.4699, "label": 1.0, "confidence": 0.24, "vehicle_id": -1.0, "lane_num": -1.0}]}, {"time": 11, "vehicles": [{"box": {"x": 619.0, "y": 248.0, "width": 87.0, "height": 118.0}, "distance": 13.8128, "label": 2.0, "confidence": 0.92, "vehicle_id": -1.0, "lane_num": 0.0}, {"box": {"x": 571.0, "y": 296.0, "width": 33.0, "height": 30.0}, "distance": 28.3354, "label": 1.0, "confidence": 0.87, "vehicle_id": -1.0, "lane_num": -1.0}, {"box": {"x": 210.0, "y": 301.0, "width": 88.0, "height": 38.0}, "distance": 13.5125, "label": 2.0, "confidence": 0.85, "vehicle_id": -1.0, "lane_num": -2.0}, {"box": {"x": 393.0, "y": 294.0, "width": 57.0, "height": 27.0}, "distance": 12.3922, "label": 2.0, "confidence": 0.75, "vehicle_id": -1.0, "lane_num": -2.0}, {"box": {"x": 469.0, "y": 294.0, "width": 24.0, "height": 17.0}, "distance": 13.3542, "label": 2.0, "confidence": 0.73, "vehicle_id": -1.0, "lane_num": -2.0}, {"box": {"x": 518.0, "y": 289.0, "width": 27.0, "height": 17.0}, "distance": 13.226, "label": 2.0, "confidence": 0.66, "vehicle_id": -1.0, "lane_num": -2.0}, {"box": {"x": 612.0, "y": 291.0, "width": 13.0, "height": 16.0}, "distance": 42.6417, "label": 1.0, "confidence": 0.39, "vehicle_id": -1.0, "lane_num": -1.0}, {"box": {"x": 553.0, "y": 280.0, "width": 23.0, "height": 21.0}, "distance": 14.7364, "label": 2.0, "confidence": 0.23, "vehicle_id": -1.0, "lane_num": -2.0}, {"box": {"x": 544.0, "y": 288.0, "width": 19.0, "height": 14.0}, "distance": 20.8097, "label": 2.0, "confidence": 0.19, "vehicle_id": -1.0, "lane_num": -2.0}, {"box": {"x": 496.0, "y": 287.0, "width": 23.0, "height": 16.0}, "distance": 12.1317, "label": 2.0, "confidence": 0.12, "vehicle_id": -1.0, "lane_num": -2.0}]}, {"time": 12, "vehicles": [{"box": {"x": 619.0, "y": 248.0, "width": 90.0, "height": 120.0}, "distance": 12.919, "label": 2.0, "confidence": 0.93, "vehicle_id": -1.0, "lane_num": 0.0}, {"box": {"x": 570.0, "y": 295.0, "width": 35.0, "height": 31.0}, "distance": 26.6295, "label": 1.0, "confidence": 0.86, "vehicle_id": -1.0, "lane_num": -1.0}, {"box": {"x": 333.0, "y": 297.0, "width": 57.0, "height": 29.0}, "distance": 14.7053, "label": 2.0, "confidence": 0.82, "vehicle_id": -1.0, "lane_num": -2.0}, {"box": {"x": 408.0, "y": 290.0, "width": 62.0, "height": 28.0}, "distance": 15.9419, "label": 2.0, "confidence": 0.81, "vehicle_id": -1.0, "lane_num": -2.0}, {"box": {"x": 612.0, "y": 291.0, "width": 13.0, "height": 16.0}, "distance": 41.6286, "label": 1.0, "confidence": 0.39, "vehicle_id": -1.0, "lane_num": -1.0}, {"box": {"x": 487.0, "y": 286.0, "width": 33.0, "height": 22.0}, "distance": 9.7692, "label": 2.0, "confidence": 0.38, "vehicle_id": -1.0, "lane_num": -2.0}, {"box": {"x": 509.0, "y": 293.0, "width": 18.0, "height": 15.0}, "distance": 15.3063, "label": 2.0, "confidence": 0.35, "vehicle_id": -1.0, "lane_num": -2.0}, {"box": {"x": 481.0, "y": 295.0, "width": 25.0, "height": 15.0}, "distance": 9.8791, "label": 2.0, "confidence": 0.29, "vehicle_id": -1.0, "lane_num": -2.0}, {"box": {"x": 545.0, "y": 287.0, "width": 22.0, "height": 16.0}, "distance": 21.7742, "label": 2.0, "confidence": 0.17, "vehicle_id": -1.0, "lane_num": -2.0}]}, {"time": 13, "vehicles": [{"box": {"x": 622.0, "y": 240.0, "width": 91.0, "height": 127.0}, "distance": 12.4173, "label": 2.0, "confidence": 0.91, "vehicle_id": -1.0, "lane_num": 0.0}, {"box": {"x": 570.0, "y": 293.0, "width": 34.0, "height": 33.0}, "distance": 37.5294, "label": 1.0, "confidence": 0.89, "vehicle_id": -1.0, "lane_num": -1.0}, {"box": {"x": 391.0, "y": 298.0, "width": 37.0, "height": 20.0}, "distance": 15.3581, "label": 2.0, "confidence": 0.66, "vehicle_id": -1.0, "lane_num": -2.0}, {"box": {"x": 613.0, "y": 291.0, "width": 13.0, "height": 15.0}, "distance": 42.3729, "label": 1.0, "confidence": 0.41, "vehicle_id": -1.0, "lane_num": -1.0}, {"box": {"x": 512.0, "y": 292.0, "width": 18.0, "height": 13.0}, "distance": 14.1793, "label": 2.0, "confidence": 0.26, "vehicle_id": -1.0, "lane_num": -2.0}, {"box": {"x": 430.0, "y": 299.0, "width": 24.0, "height": 16.0}, "distance": 10.4776, "label": 2.0, "confidence": 0.24, "vehicle_id": -1.0, "lane_num": -2.0}, {"box": {"x": 462.0, "y": 296.0, "width": 19.0, "height": 13.0}, "distance": 11.8423, "label": 2.0, "confidence": 0.19, "vehicle_id": -1.0, "lane_num": -2.0}, {"box": {"x": 536.0, "y": 293.0, "width": 12.0, "height": 9.0}, "distance": 23.2445, "label": 2.0, "confidence": 0.14, "vehicle_id": -1.0, "lane_num": -2.0}]}, {"time": 14, "vehicles": [{"box": {"x": 623.0, "y": 244.0, "width": 95.0, "height": 129.0}, "distance": 11.3975, "label": 2.0, "confidence": 0.9, "vehicle_id": -1.0, "lane_num": 0.0}, {"box": {"x": 568.0, "y": 295.0, "width": 36.0, "height": 35.0}, "distance": 28.9558, "label": 1.0, "confidence": 0.85, "vehicle_id": -1.0, "lane_num": -1.0}, {"box": {"x": 312.0, "y": 301.0, "width": 61.0, "height": 29.0}, "distance": 14.7161, "label": 2.0, "confidence": 0.8, "vehicle_id": -1.0, "lane_num": -2.0}, {"box": {"x": 57.0, "y": 302.0, "width": 156.0, "height": 55.0}, "distance": 12.2799, "label": 2.0, "confidence": 0.76, "vehicle_id": -1.0, "lane_num": -2.0}, {"box": {"x": 431.0, "y": 294.0, "width": 44.0, "height": 23.0}, "distance": 10.5692, "label": 2.0, "confidence": 0.49, "vehicle_id": -1.0, "lane_num": -2.0}, {"box": {"x": 611.0, "y": 295.0, "width": 16.0, "height": 16.0}, "distance": 36.9931, "label": 2.0, "confidence": 0.22, "vehicle_id": -1.0, "lane_num": -1.0}, {"box": {"x": 247.0, "y": 302.0, "width": 76.0, "height": 27.0}, "distance": 14.554, "label": 2.0, "confidence": 0.16, "vehicle_id": -1.0, "lane_num": -2.0}]}, {"time": 15, "vehicles": [{"box": {"x": 624.0, "y": 241.0, "width": 98.0, "height": 133.0}, "distance": 11.1152, "label": 2.0, "confidence": 0.89, "vehicle_id": -1.0, "lane_num": 0.0}, {"box": {"x": 86.0, "y": 296.0, "width": 165.0, "height": 54.0}, "distance": 11.7014, "label": 2.0, "confidence": 0.82, "vehicle_id": -1.0, "lane_num": -2.0}, {"box": {"x": 565.0, "y": 296.0, "width": 37.0, "height": 35.0}, "distance": 35.4229, "label": 1.0, "confidence": 0.81, "vehicle_id": -1.0, "lane_num": -1.0}, {"box": {"x": 289.0, "y": 308.0, "width": 63.0, "height": 22.0}, "distance": 14.0644, "label": 2.0, "confidence": 0.52, "vehicle_id": -1.0, "lane_num": -2.0}, {"box": {"x": 436.0, "y": 301.0, "width": 31.0, "height": 15.0}, "distance": 11.2761, "label": 2.0, "confidence": 0.42, "vehicle_id": -1.0, "lane_num": -2.0}, {"box": {"x": 465.0, "y": 291.0, "width": 31.0, "height": 21.0}, "distance": 12.1384, "label": 2.0, "confidence": 0.32, "vehicle_id": -1.0, "lane_num": -2.0}, {"box": {"x": 611.0, "y": 296.0, "width": 14.0, "height": 16.0}, "distance": 34.3808, "label": 1.0, "confidence": 0.18, "vehicle_id": -1.0, "lane_num": -1.0}]}, {"time": 16, "vehicles": [{"box": {"x": 624.0, "y": 242.0, "width": 100.0, "height": 137.0}, "distance": 10.565, "label": 2.0, "confidence": 0.9, "vehicle_id": -1.0, "lane_num": 0.0}, {"box": {"x": 564.0, "y": 297.0, "width": 40.0, "height": 37.0}, "distance": 28.6186, "label": 1.0, "confidence": 0.85, "vehicle_id": -1.0, "lane_num": -1.0}, {"box": {"x": 258.0, "y": 306.0, "width": 63.0, "height": 28.0}, "distance": 13.2534, "label": 2.0, "confidence": 0.81, "vehicle_id": -1.0, "lane_num": -2.0}, {"box": {"x": 308.0, "y": 309.0, "width": 71.0, "height": 23.0}, "distance": 15.4557, "label": 2.0, "confidence": 0.8, "vehicle_id": -1.0, "lane_num": -2.0}, {"box": {"x": 456.0, "y": 296.0, "width": 34.0, "height": 20.0}, "distance": 12.274, "label": 2.0, "confidence": 0.38, "vehicle_id": -1.0, "lane_num": -2.0}, {"box": {"x": 613.0, "y": 296.0, "width": 14.0, "height": 17.0}, "distance": 39.7868, "label": 2.0, "confidence": 0.23, "vehicle_id": -1.0, "lane_num": -1.0}, {"box": {"x": 879.0, "y": 309.0, "width": 41.0, "height": 39.0}, "distance": 12.6057, "label": 2.0, "confidence": 0.1, "vehicle_id": -1.0, "lane_num": 2.0}]}, {"time": 17, "vehicles": [{"box": {"x": 623.0, "y": 241.0, "width": 103.0, "height": 140.0}, "distance": 9.9527, "label": 2.0, "confidence": 0.9, "vehicle_id": -1.0, "lane_num": 0.0}, {"box": {"x": 564.0, "y": 296.0, "width": 40.0, "height": 39.0}, "distance": 27.8775, "label": 1.0, "confidence": 0.85, "vehicle_id": -1.0, "lane_num": -1.0}, {"box": {"x": 318.0, "y": 303.0, "width": 59.0, "height": 26.0}, "distance": 13.3253, "label": 2.0, "confidence": 0.81, "vehicle_id": -1.0, "lane_num": -2.0}, {"box": {"x": 614.0, "y": 296.0, "width": 13.0, "height": 16.0}, "distance": 36.4942, "label": 2.0, "confidence": 0.22, "vehicle_id": -1.0, "lane_num": -1.0}]}, {"time": 18, "vehicles": [{"box": {"x": 624.0, "y": 238.0, "width": 104.0, "height": 141.0}, "distance": 9.6177, "label": 2.0, "confidence": 0.9, "vehicle_id": -1.0, "lane_num": 0.0}, {"box": {"x": 563.0, "y": 295.0, "width": 41.0, "height": 38.0}, "distance": 26.6883, "label": 1.0, "confidence": 0.85, "vehicle_id": -1.0, "lane_num": -1.0}, {"box": {"x": 354.0, "y": 303.0, "width": 55.0, "height": 20.0}, "distance": 11.8733, "label": 2.0, "confidence": 0.62, "vehicle_id": -1.0, "lane_num": -2.0}, {"box": {"x": 404.0, "y": 302.0, "width": 29.0, "height": 18.0}, "distance": 14.7722, "label": 2.0, "confidence": 0.55, "vehicle_id": -1.0, "lane_num": -2.0}, {"box": {"x": 613.0, "y": 296.0, "width": 16.0, "height": 16.0}, "distance": 27.2026, "label": 1.0, "confidence": 0.19, "vehicle_id": -1.0, "lane_num": -1.0}, {"box": {"x": 478.0, "y": 300.0, "width": 24.0, "height": 13.0}, "distance": 10.0168, "label": 2.0, "confidence": 0.12, "vehicle_id": -1.0, "lane_num": -2.0}]}, {"time": 19, "vehicles": [{"box": {"x": 561.0, "y": 296.0, "width": 41.0, "height": 40.0}, "distance": 35.9425, "label": 1.0, "confidence": 0.91, "vehicle_id": -1.0, "lane_num": -1.0}, {"box": {"x": 624.0, "y": 242.0, "width": 103.0, "height": 139.0}, "distance": 10.2499, "label": 2.0, "confidence": 0.9, "vehicle_id": -1.0, "lane_num": 0.0}, {"box": {"x": 71.0, "y": 307.0, "width": 123.0, "height": 50.0}, "distance": 12.2875, "label": 2.0, "confidence": 0.79, "vehicle_id": -1.0, "lane_num": -2.0}, {"box": {"x": 404.0, "y": 301.0, "width": 40.0, "height": 20.0}, "distance": 11.6145, "label": 2.0, "confidence": 0.76, "vehicle_id": -1.0, "lane_num": -2.0}, {"box": {"x": 328.0, "y": 289.0, "width": 90.0, "height": 38.0}, "distance": 12.5263, "label": 2.0, "confidence": 0.38, "vehicle_id": -1.0, "lane_num": -2.0}, {"box": {"x": 610.0, "y": 296.0, "width": 16.0, "height": 17.0}, "distance": 40.9494, "label": 2.0, "confidence": 0.31, "vehicle_id": -1.0, "lane_num": -1.0}, {"box": {"x": 506.0, "y": 299.0, "width": 20.0, "height": 12.0}, "distance": 8.9517, "label": 2.0, "confidence": 0.25, "vehicle_id": -1.0, "lane_num": -2.0}]}, {"time": 20, "vehicles": [{"box": {"x": 559.0, "y": 295.0, "width": 42.0, "height": 40.0}, "distance": 37.2733, "label": 1.0, "confidence": 0.91, "vehicle_id": -1.0, "lane_num": -1.0}, {"box": {"x": 621.0, "y": 240.0, "width": 102.0, "height": 139.0}, "distance": 10.1504, "label": 2.0, "confidence": 0.91, "vehicle_id": -1.0, "lane_num": 0.0}, {"box": {"x": 346.0, "y": 300.0, "width": 73.0, "height": 25.0}, "distance": 14.4937, "label": 2.0, "confidence": 0.77, "vehicle_id": -1.0, "lane_num": -2.0}, {"box": {"x": 121.0, "y": 301.0, "width": 109.0, "height": 47.0}, "distance": 12.2723, "label": 2.0, "confidence": 0.63, "vehicle_id": -1.0, "lane_num": -2.0}, {"box": {"x": 485.0, "y": 297.0, "width": 22.0, "height": 14.0}, "distance": 9.7019, "label": 2.0, "confidence": 0.41, "vehicle_id": -1.0, "lane_num": -2.0}, {"box": {"x": 608.0, "y": 296.0, "width": 16.0, "height": 16.0}, "distance": 42.7193, "label": 1.0, "confidence": 0.34, "vehicle_id": -1.0, "lane_num": -1.0}, {"box": {"x": 114.0, "y": 320.0, "width": 48.0, "height": 28.0}, "distance": 11.7304, "label": 0.0, "confidence": 0.14, "vehicle_id": -1.0, "lane_num": -2.0}]}, {"time": 21, "vehicles": [{"box": {"x": 620.0, "y": 240.0, "width": 101.0, "height": 137.0}, "distance": 10.7904, "label": 2.0, "confidence": 0.91, "vehicle_id": -1.0, "lane_num": 0.0}, {"box": {"x": 557.0, "y": 295.0, "width": 41.0, "height": 40.0}, "distance": 37.1179, "label": 1.0, "confidence": 0.91, "vehicle_id": -1.0, "lane_num": -1.0}, {"box": {"x": 364.0, "y": 302.0, "width": 51.0, "height": 23.0}, "distance": 11.7674, "label": 2.0, "confidence": 0.87, "vehicle_id": -1.0, "lane_num": -2.0}, {"box": {"x": 607.0, "y": 295.0, "width": 17.0, "height": 16.0}, "distance": 38.1543, "label": 1.0, "confidence": 0.4, "vehicle_id": -1.0, "lane_num": -1.0}]}, {"time": 22, "vehicles": [{"box": {"x": 555.0, "y": 296.0, "width": 43.0, "height": 41.0}, "distance": 36.7966, "label": 1.0, "confidence": 0.92, "vehicle_id": -1.0, "lane_num": -1.0}, {"box": {"x": 619.0, "y": 241.0, "width": 100.0, "height": 134.0}, "distance": 11.5422, "label": 2.0, "confidence": 0.91, "vehicle_id": -1.0, "lane_num": 0.0}, {"box": {"x": 608.0, "y": 298.0, "width": 16.0, "height": 16.0}, "distance": 35.4079, "label": 1.0, "confidence": 0.33, "vehicle_id": -1.0, "lane_num": -1.0}]}, {"time": 23, "vehicles": [{"box": {"x": 615.0, "y": 245.0, "width": 99.0, "height": 133.0}, "distance": 12.1467, "label": 2.0, "confidence": 0.92, "vehicle_id": -1.0, "lane_num": 0.0}, {"box": {"x": 555.0, "y": 297.0, "width": 44.0, "height": 41.0}, "distance": 34.7891, "label": 1.0, "confidence": 0.87, "vehicle_id": -1.0, "lane_num": -1.0}, {"box": {"x": 609.0, "y": 299.0, "width": 13.0, "height": 14.0}, "distance": 33.7857, "label": 1.0, "confidence": 0.25, "vehicle_id": -1.0, "lane_num": -1.0}]}, {"time": 24, "vehicles": [{"box": {"x": 615.0, "y": 247.0, "width": 97.0, "height": 133.0}, "distance": 11.9134, "label": 2.0, "confidence": 0.91, "vehicle_id": -1.0, "lane_num": 0.0}, {"box": {"x": 554.0, "y": 297.0, "width": 45.0, "height": 42.0}, "distance": 33.9405, "label": 1.0, "confidence": 0.9, "vehicle_id": -1.0, "lane_num": -1.0}]}, {"time": 25, "vehicles": [{"box": {"x": 614.0, "y": 246.0, "width": 98.0, "height": 134.0}, "distance": 12.1001, "label": 2.0, "confidence": 0.93, "vehicle_id": -1.0, "lane_num": 0.0}, {"box": {"x": 554.0, "y": 296.0, "width": 45.0, "height": 42.0}, "distance": 31.9553, "label": 1.0, "confidence": 0.87, "vehicle_id": -1.0, "lane_num": -1.0}]}, {"time": 26, "vehicles": [{"box": {"x": 554.0, "y": 295.0, "width": 46.0, "height": 44.0}, "distance": 37.7387, "label": 1.0, "confidence": 0.92, "vehicle_id": -1.0, "lane_num": -1.0}, {"box": {"x": 617.0, "y": 244.0, "width": 97.0, "height": 132.0}, "distance": 12.9208, "label": 2.0, "confidence": 0.91, "vehicle_id": -1.0, "lane_num": 0.0}, {"box": {"x": 494.0, "y": 299.0, "width": 18.0, "height": 13.0}, "distance": 13.0832, "label": 2.0, "confidence": 0.48, "vehicle_id": -1.0, "lane_num": -2.0}, {"box": {"x": 612.0, "y": 299.0, "width": 11.0, "height": 15.0}, "distance": 32.6651, "label": 1.0, "confidence": 0.2, "vehicle_id": -1.0, "lane_num": -1.0}]}, {"time": 27, "vehicles": [{"box": {"x": 621.0, "y": 242.0, "width": 98.0, "height": 132.0}, "distance": 11.0156, "label": 2.0, "confidence": 0.91, "vehicle_id": -1.0, "lane_num": 0.0}, {"box": {"x": 556.0, "y": 296.0, "width": 47.0, "height": 43.0}, "distance": 37.0945, "label": 1.0, "confidence": 0.9, "vehicle_id": -1.0, "lane_num": -1.0}, {"box": {"x": 367.0, "y": 302.0, "width": 52.0, "height": 22.0}, "distance": 12.0998, "label": 2.0, "confidence": 0.75, "vehicle_id": -1.0, "lane_num": -2.0}, {"box": {"x": 1073.0, "y": 267.0, "width": 111.0, "height": 77.0}, "distance": 10.6128, "label": 2.0, "confidence": 0.72, "vehicle_id": -1.0, "lane_num": 2.0}, {"box": {"x": 614.0, "y": 298.0, "width": 15.0, "height": 17.0}, "distance": 36.29, "label": 1.0, "confidence": 0.36, "vehicle_id": -1.0, "lane_num": -1.0}, {"box": {"x": 800.0, "y": 215.0, "width": 188.0, "height": 114.0}, "distance": 6.1465, "label": 2.0, "confidence": 0.11, "vehicle_id": -1.0, "lane_num": 2.0}]}, {"time": 28, "vehicles": [{"box": {"x": 557.0, "y": 299.0, "width": 45.0, "height": 41.0}, "distance": 35.0449, "label": 1.0, "confidence": 0.91, "vehicle_id": -1.0, "lane_num": -1.0}, {"box": {"x": 623.0, "y": 247.0, "width": 96.0, "height": 129.0}, "distance": 11.9491, "label": 2.0, "confidence": 0.9, "vehicle_id": -1.0, "lane_num": 0.0}, {"box": {"x": 434.0, "y": 307.0, "width": 30.0, "height": 14.0}, "distance": 10.876, "label": 2.0, "confidence": 0.64, "vehicle_id": -1.0, "lane_num": -2.0}, {"box": {"x": 613.0, "y": 300.0, "width": 16.0, "height": 18.0}, "distance": 37.7938, "label": 1.0, "confidence": 0.46, "vehicle_id": -1.0, "lane_num": -1.0}]}, {"time": 29, "vehicles": [{"box": {"x": 554.0, "y": 295.0, "width": 47.0, "height": 43.0}, "distance": 36.1365, "label": 1.0, "confidence": 0.91, "vehicle_id": -1.0, "lane_num": -1.0}, {"box": {"x": 624.0, "y": 243.0, "width": 94.0, "height": 128.0}, "distance": 13.351, "label": 2.0, "confidence": 0.91, "vehicle_id": -1.0, "lane_num": 0.0}, {"box": {"x": 227.0, "y": 309.0, "width": 79.0, "height": 27.0}, "distance": 16.7988, "label": 2.0, "confidence": 0.88, "vehicle_id": -1.0, "lane_num": -2.0}, {"box": {"x": 610.0, "y": 298.0, "width": 17.0, "height": 17.0}, "distance": 39.809, "label": 1.0, "confidence": 0.57, "vehicle_id": -1.0, "lane_num": -1.0}]}, {"time": 30, "vehicles": [{"box": {"x": 554.0, "y": 296.0, "width": 45.0, "height": 43.0}, "distance": 36.9949, "label": 1.0, "confidence": 0.91, "vehicle_id": -1.0, "lane_num": -1.0}, {"box": {"x": 624.0, "y": 242.0, "width": 92.0, "height": 129.0}, "distance": 12.3361, "label": 2.0, "confidence": 0.91, "vehicle_id": -1.0, "lane_num": 0.0}, {"box": {"x": 608.0, "y": 298.0, "width": 15.0, "height": 17.0}, "distance": 37.0177, "label": 1.0, "confidence": 0.54, "vehicle_id": -1.0, "lane_num": -1.0}]}, {"time": 31, "vehicles": [{"box": {"x": 554.0, "y": 302.0, "width": 46.0, "height": 44.0}, "distance": 37.7511, "label": 1.0, "confidence": 0.91, "vehicle_id": -1.0, "lane_num": -1.0}, {"box": {"x": 622.0, "y": 255.0, "width": 93.0, "height": 124.0}, "distance": 12.8101, "label": 2.0, "confidence": 0.9, "vehicle_id": -1.0, "lane_num": 0.0}, {"box": {"x": 609.0, "y": 304.0, "width": 16.0, "height": 17.0}, "distance": 43.5893, "label": 1.0, "confidence": 0.51, "vehicle_id": -1.0, "lane_num": -1.0}, {"box": {"x": 874.0, "y": 334.0, "width": 15.0, "height": 13.0}, "distance": 13.8185, "label": 2.0, "confidence": 0.16, "vehicle_id": -1.0, "lane_num": 2.0}, {"box": {"x": 487.0, "y": 296.0, "width": 36.0, "height": 20.0}, "distance": 10.5614, "label": 2.0, "confidence": 0.15, "vehicle_id": -1.0, "lane_num": -2.0}, {"box": {"x": 862.0, "y": 326.0, "width": 11.0, "height": 9.0}, "distance": 11.3832, "label": 2.0, "confidence": 0.14, "vehicle_id": -1.0, "lane_num": 2.0}]}, {"time": 32, "vehicles": [{"box": {"x": 555.0, "y": 298.0, "width": 45.0, "height": 41.0}, "distance": 36.3151, "label": 1.0, "confidence": 0.91, "vehicle_id": -1.0, "lane_num": -1.0}, {"box": {"x": 622.0, "y": 248.0, "width": 91.0, "height": 124.0}, "distance": 12.6386, "label": 2.0, "confidence": 0.91, "vehicle_id": -1.0, "lane_num": 0.0}, {"box": {"x": 608.0, "y": 298.0, "width": 16.0, "height": 17.0}, "distance": 34.375, "label": 1.0, "confidence": 0.48, "vehicle_id": -1.0, "lane_num": -1.0}, {"box": {"x": 843.0, "y": 319.0, "width": 20.0, "height": 13.0}, "distance": 15.3664, "label": 2.0, "confidence": 0.37, "vehicle_id": -1.0, "lane_num": 2.0}, {"box": {"x": 908.0, "y": 329.0, "width": 15.0, "height": 15.0}, "distance": 12.5326, "label": 2.0, "confidence": 0.2, "vehicle_id": -1.0, "lane_num": 2.0}, {"box": {"x": 886.0, "y": 320.0, "width": 11.0, "height": 11.0}, "distance": 21.8346, "label": 2.0, "confidence": 0.16, "vehicle_id": -1.0, "lane_num": 2.0}]}, {"time": 33, "vehicles": [{"box": {"x": 620.0, "y": 248.0, "width": 89.0, "height": 123.0}, "distance": 13.7156, "label": 2.0, "confidence": 0.91, "vehicle_id": -1.0, "lane_num": 0.0}, {"box": {"x": 556.0, "y": 296.0, "width": 45.0, "height": 43.0}, "distance": 37.8184, "label": 1.0, "confidence": 0.91, "vehicle_id": -1.0, "lane_num": -1.0}, {"box": {"x": 608.0, "y": 297.0, "width": 16.0, "height": 16.0}, "distance": 36.417, "label": 1.0, "confidence": 0.49, "vehicle_id": -1.0, "lane_num": -1.0}]}, {"time": 34, "vehicles": [{"box": {"x": 619.0, "y": 249.0, "width": 88.0, "height": 123.0}, "distance": 13.8064, "label": 2.0, "confidence": 0.9, "vehicle_id": -1.0, "lane_num": 0.0}, {"box": {"x": 557.0, "y": 298.0, "width": 43.0, "height": 41.0}, "distance": 37.1878, "label": 1.0, "confidence": 0.9, "vehicle_id": -1.0, "lane_num": -1.0}, {"box": {"x": 608.0, "y": 298.0, "width": 17.0, "height": 17.0}, "distance": 38.1638, "label": 1.0, "confidence": 0.51, "vehicle_id": -1.0, "lane_num": -1.0}, {"box": {"x": 902.0, "y": 326.0, "width": 25.0, "height": 17.0}, "distance": 9.2586, "label": 2.0, "confidence": 0.41, "vehicle_id": -1.0, "lane_num": 2.0}]}, {"time": 35, "vehicles": [{"box": {"x": 616.0, "y": 248.0, "width": 90.0, "height": 122.0}, "distance": 12.9431, "label": 2.0, "confidence": 0.92, "vehicle_id": -1.0, "lane_num": 0.0}, {"box": {"x": 557.0, "y": 298.0, "width": 45.0, "height": 40.0}, "distance": 36.0394, "label": 1.0, "confidence": 0.91, "vehicle_id": -1.0, "lane_num": -1.0}, {"box": {"x": 608.0, "y": 296.0, "width": 14.0, "height": 17.0}, "distance": 34.3204, "label": 1.0, "confidence": 0.4, "vehicle_id": -1.0, "lane_num": -1.0}, {"box": {"x": 533.0, "y": 285.0, "width": 39.0, "height": 23.0}, "distance": 20.8851, "label": 2.0, "confidence": 0.29, "vehicle_id": -1.0, "lane_num": -2.0}, {"box": {"x": 1103.0, "y": 342.0, "width": 87.0, "height": 46.0}, "distance": 12.6582, "label": 2.0, "confidence": 0.29, "vehicle_id": -1.0, "lane_num": 2.0}]}, {"time": 36, "vehicles": [{"box": {"x": 615.0, "y": 249.0, "width": 88.0, "height": 121.0}, "distance": 13.5136, "label": 2.0, "confidence": 0.92, "vehicle_id": -1.0, "lane_num": 0.0}, {"box": {"x": 557.0, "y": 298.0, "width": 45.0, "height": 40.0}, "distance": 35.5384, "label": 1.0, "confidence": 0.92, "vehicle_id": -1.0, "lane_num": -1.0}, {"box": {"x": 497.0, "y": 279.0, "width": 52.0, "height": 33.0}, "distance": 13.3861, "label": 2.0, "confidence": 0.87, "vehicle_id": -1.0, "lane_num": -2.0}, {"box": {"x": 609.0, "y": 299.0, "width": 11.0, "height": 13.0}, "distance": 30.5631, "label": 1.0, "confidence": 0.15, "vehicle_id": -1.0, "lane_num": -1.0}]}, {"time": 37, "vehicles": [{"box": {"x": 613.0, "y": 248.0, "width": 89.0, "height": 120.0}, "distance": 12.8277, "label": 2.0, "confidence": 0.92, "vehicle_id": -1.0, "lane_num": 0.0}, {"box": {"x": 558.0, "y": 295.0, "width": 43.0, "height": 41.0}, "distance": 37.1257, "label": 1.0, "confidence": 0.91, "vehicle_id": -1.0, "lane_num": -1.0}, {"box": {"x": 399.0, "y": 264.0, "width": 108.0, "height": 56.0}, "distance": 17.7477, "label": 2.0, "confidence": 0.9, "vehicle_id": -1.0, "lane_num": -2.0}]}, {"time": 38, "vehicles": [{"box": {"x": 556.0, "y": 297.0, "width": 42.0, "height": 40.0}, "distance": 37.3772, "label": 1.0, "confidence": 0.92, "vehicle_id": -1.0, "lane_num": -1.0}, {"box": {"x": 611.0, "y": 250.0, "width": 88.0, "height": 118.0}, "distance": 13.9079, "label": 2.0, "confidence": 0.92, "vehicle_id": -1.0, "lane_num": 0.0}, {"box": {"x": -3.0, "y": 211.0, "width": 395.0, "height": 154.0}, "distance": 7.8815, "label": 2.0, "confidence": 0.8, "vehicle_id": -1.0, "lane_num": -2.0}, {"box": {"x": 0.0, "y": 338.0, "width": 33.0, "height": 31.0}, "distance": 14.3847, "label": 2.0, "confidence": 0.13, "vehicle_id": -1.0, "lane_num": -2.0}]}, {"time": 39, "vehicles": [{"box": {"x": 610.0, "y": 248.0, "width": 85.0, "height": 120.0}, "distance": 14.2672, "label": 2.0, "confidence": 0.92, "vehicle_id": -1.0, "lane_num": 0.0}, {"box": {"x": 553.0, "y": 296.0, "width": 43.0, "height": 40.0}, "distance": 38.381, "label": 1.0, "confidence": 0.9, "vehicle_id": -1.0, "lane_num": -1.0}, {"box": {"x": 604.0, "y": 297.0, "width": 12.0, "height": 16.0}, "distance": 38.6353, "label": 1.0, "confidence": 0.21, "vehicle_id": -1.0, "lane_num": -1.0}, {"box": {"x": 266.0, "y": 302.0, "width": 60.0, "height": 21.0}, "distance": 12.7193, "label": 2.0, "confidence": 0.11, "vehicle_id": -1.0, "lane_num": -2.0}]}, {"time": 40, "vehicles": [{"box": {"x": 608.0, "y": 249.0, "width": 86.0, "height": 118.0}, "distance": 14.012, "label": 2.0, "confidence": 0.92, "vehicle_id": -1.0, "lane_num": 0.0}, {"box": {"x": 552.0, "y": 295.0, "width": 43.0, "height": 41.0}, "distance": 36.4966, "label": 1.0, "confidence": 0.88, "vehicle_id": -1.0, "lane_num": -1.0}, {"box": {"x": 605.0, "y": 297.0, "width": 10.0, "height": 14.0}, "distance": 37.1331, "label": 1.0, "confidence": 0.17, "vehicle_id": -1.0, "lane_num": -1.0}]}, {"time": 41, "vehicles": [{"box": {"x": 608.0, "y": 249.0, "width": 86.0, "height": 118.0}, "distance": 12.5948, "label": 2.0, "confidence": 0.91, "vehicle_id": -1.0, "lane_num": 0.0}, {"box": {"x": 552.0, "y": 296.0, "width": 44.0, "height": 39.0}, "distance": 35.9453, "label": 1.0, "confidence": 0.86, "vehicle_id": -1.0, "lane_num": -1.0}, {"box": {"x": 604.0, "y": 295.0, "width": 11.0, "height": 17.0}, "distance": 36.8636, "label": 1.0, "confidence": 0.16, "vehicle_id": -1.0, "lane_num": -1.0}]}, {"time": 42, "vehicles": [{"box": {"x": 609.0, "y": 269.0, "width": 85.0, "height": 116.0}, "distance": 14.4602, "label": 2.0, "confidence": 0.92, "vehicle_id": -1.0, "lane_num": 0.0}, {"box": {"x": 551.0, "y": 313.0, "width": 44.0, "height": 39.0}, "distance": 34.4654, "label": 1.0, "confidence": 0.88, "vehicle_id": -1.0, "lane_num": -1.0}, {"box": {"x": 534.0, "y": 313.0, "width": 13.0, "height": 11.0}, "distance": 11.2625, "label": 2.0, "confidence": 0.32, "vehicle_id": -1.0, "lane_num": -2.0}, {"box": {"x": 605.0, "y": 314.0, "width": 10.0, "height": 14.0}, "distance": 33.3876, "label": 1.0, "confidence": 0.17, "vehicle_id": -1.0, "lane_num": -1.0}]}, {"time": 43, "vehicles": [{"box": {"x": 607.0, "y": 255.0, "width": 82.0, "height": 112.0}, "distance": 13.5006, "label": 2.0, "confidence": 0.89, "vehicle_id": -1.0, "lane_num": 0.0}, {"box": {"x": 548.0, "y": 299.0, "width": 43.0, "height": 40.0}, "distance": 29.6755, "label": 1.0, "confidence": 0.75, "vehicle_id": -1.0, "lane_num": -1.0}, {"box": {"x": 483.0, "y": 297.0, "width": 26.0, "height": 18.0}, "distance": 11.1279, "label": 2.0, "confidence": 0.32, "vehicle_id": -1.0, "lane_num": -2.0}]}, {"time": 44, "vehicles": [{"box": {"x": 610.0, "y": 255.0, "width": 81.0, "height": 111.0}, "distance": 13.3651, "label": 2.0, "confidence": 0.91, "vehicle_id": -1.0, "lane_num": 0.0}, {"box": {"x": 550.0, "y": 298.0, "width": 43.0, "height": 39.0}, "distance": 31.91, "label": 1.0, "confidence": 0.86, "vehicle_id": -1.0, "lane_num": -1.0}, {"box": {"x": 358.0, "y": 302.0, "width": 59.0, "height": 25.0}, "distance": 12.8394, "label": 2.0, "confidence": 0.82, "vehicle_id": -1.0, "lane_num": -2.0}, {"box": {"x": 488.0, "y": 297.0, "width": 28.0, "height": 17.0}, "distance": 12.9046, "label": 2.0, "confidence": 0.73, "vehicle_id": -1.0, "lane_num": -2.0}, {"box": {"x": 527.0, "y": 299.0, "width": 14.0, "height": 10.0}, "distance": 13.1306, "label": 2.0, "confidence": 0.3, "vehicle_id": -1.0, "lane_num": -2.0}, {"box": {"x": 605.0, "y": 298.0, "width": 10.0, "height": 14.0}, "distance": 39.8655, "label": 1.0, "confidence": 0.13, "vehicle_id": -1.0, "lane_num": -1.0}]}, {"time": 45, "vehicles": [{"box": {"x": 612.0, "y": 254.0, "width": 79.0, "height": 111.0}, "distance": 13.6924, "label": 2.0, "confidence": 0.91, "vehicle_id": -1.0, "lane_num": 0.0}, {"box": {"x": 549.0, "y": 296.0, "width": 42.0, "height": 39.0}, "distance": 33.2443, "label": 1.0, "confidence": 0.88, "vehicle_id": -1.0, "lane_num": -1.0}, {"box": {"x": 224.0, "y": 296.0, "width": 136.0, "height": 42.0}, "distance": 13.3205, "label": 2.0, "confidence": 0.86, "vehicle_id": -1.0, "lane_num": -2.0}, {"box": {"x": 469.0, "y": 298.0, "width": 25.0, "height": 17.0}, "distance": 13.8685, "label": 2.0, "confidence": 0.53, "vehicle_id": -1.0, "lane_num": -2.0}, {"box": {"x": 604.0, "y": 295.0, "width": 13.0, "height": 16.0}, "distance": 29.4094, "label": 2.0, "confidence": 0.23, "vehicle_id": -1.0, "lane_num": -1.0}, {"box": {"x": 837.0, "y": 286.0, "width": 106.0, "height": 47.0}, "distance": 9.8596, "label": 2.0, "confidence": 0.21, "vehicle_id": -1.0, "lane_num": 2.0}]}, {"time": 46, "vehicles": [{"box": {"x": 610.0, "y": 254.0, "width": 81.0, "height": 110.0}, "distance": 13.1311, "label": 2.0, "confidence": 0.9, "vehicle_id": -1.0, "lane_num": 0.0}, {"box": {"x": 548.0, "y": 296.0, "width": 43.0, "height": 39.0}, "distance": 34.3944, "label": 1.0, "confidence": 0.85, "vehicle_id": -1.0, "lane_num": -1.0}, {"box": {"x": 301.0, "y": 301.0, "width": 68.0, "height": 29.0}, "distance": 14.2935, "label": 2.0, "confidence": 0.8, "vehicle_id": -1.0, "lane_num": -2.0}, {"box": {"x": 521.0, "y": 295.0, "width": 19.0, "height": 12.0}, "distance": 16.1713, "label": 2.0, "confidence": 0.53, "vehicle_id": -1.0, "lane_num": -2.0}, {"box": {"x": 603.0, "y": 297.0, "width": 13.0, "height": 15.0}, "distance": 30.9135, "label": 2.0, "confidence": 0.16, "vehicle_id": -1.0, "lane_num": -1.0}, {"box": {"x": 862.0, "y": 286.0, "width": 70.0, "height": 46.0}, "distance": 9.099, "label": 2.0, "confidence": 0.11, "vehicle_id": -1.0, "lane_num": 2.0}]}, {"time": 47, "vehicles": [{"box": {"x": 611.0, "y": 254.0, "width": 80.0, "height": 111.0}, "distance": 15.1837, "label": 2.0, "confidence": 0.91, "vehicle_id": -1.0, "lane_num": 0.0}, {"box": {"x": 549.0, "y": 297.0, "width": 43.0, "height": 39.0}, "distance": 36.0619, "label": 1.0, "confidence": 0.9, "vehicle_id": -1.0, "lane_num": -1.0}, {"box": {"x": 425.0, "y": 298.0, "width": 42.0, "height": 21.0}, "distance": 12.053, "label": 2.0, "confidence": 0.84, "vehicle_id": -1.0, "lane_num": -2.0}, {"box": {"x": 603.0, "y": 297.0, "width": 13.0, "height": 18.0}, "distance": 43.2586, "label": 1.0, "confidence": 0.37, "vehicle_id": -1.0, "lane_num": -1.0}]}, {"time": 48, "vehicles": [{"box": {"x": 611.0, "y": 254.0, "width": 78.0, "height": 111.0}, "distance": 15.3838, "label": 2.0, "confidence": 0.89, "vehicle_id": -1.0, "lane_num": 0.0}, {"box": {"x": 548.0, "y": 297.0, "width": 45.0, "height": 39.0}, "distance": 32.2225, "label": 1.0, "confidence": 0.83, "vehicle_id": -1.0, "lane_num": -1.0}, {"box": {"x": 1.0, "y": 302.0, "width": 112.0, "height": 66.0}, "distance": 10.6125, "label": 2.0, "confidence": 0.69, "vehicle_id": -1.0, "lane_num": -2.0}, {"box": {"x": 601.0, "y": 297.0, "width": 16.0, "height": 18.0}, "distance": 24.9042, "label": 0.0, "confidence": 0.3, "vehicle_id": -1.0, "lane_num": -1.0}, {"box": {"x": 505.0, "y": 300.0, "width": 20.0, "height": 10.0}, "distance": 9.5941, "label": 2.0, "confidence": 0.14, "vehicle_id": -1.0, "lane_num": -2.0}]}, {"time": 49, "vehicles": [{"box": {"x": 609.0, "y": 250.0, "width": 80.0, "height": 115.0}, "distance": 15.0294, "label": 2.0, "confidence": 0.89, "vehicle_id": -1.0, "lane_num": 0.0}, {"box": {"x": 548.0, "y": 298.0, "width": 45.0, "height": 39.0}, "distance": 34.3619, "label": 1.0, "confidence": 0.88, "vehicle_id": -1.0, "lane_num": -1.0}, {"box": {"x": 450.0, "y": 296.0, "width": 37.0, "height": 21.0}, "distance": 13.8744, "label": 2.0, "confidence": 0.87, "vehicle_id": -1.0, "lane_num": -2.0}, {"box": {"x": 353.0, "y": 311.0, "width": 57.0, "height": 17.0}, "distance": 13.8636, "label": 2.0, "confidence": 0.67, "vehicle_id": -1.0, "lane_num": -2.0}, {"box": {"x": 601.0, "y": 298.0, "width": 14.0, "height": 17.0}, "distance": 30.2791, "label": 1.0, "confidence": 0.44, "vehicle_id": -1.0, "lane_num": -1.0}, {"box": {"x": 389.0, "y": 311.0, "width": 26.0, "height": 12.0}, "distance": 14.0141, "label": 2.0, "confidence": 0.14, "vehicle_id": -1.0, "lane_num": -2.0}]}, {"time": 50, "vehicles": [{"box": {"x": 611.0, "y": 244.0, "width": 78.0, "height": 122.0}, "distance": 14.8553, "label": 2.0, "confidence": 0.9, "vehicle_id": -1.0, "lane_num": 0.0}, {"box": {"x": 549.0, "y": 299.0, "width": 44.0, "height": 38.0}, "distance": 32.9528, "label": 1.0, "confidence": 0.87, "vehicle_id": -1.0, "lane_num": -1.0}, {"box": {"x": 235.0, "y": 294.0, "width": 106.0, "height": 43.0}, "distance": 13.046, "label": 2.0, "confidence": 0.86, "vehicle_id": -1.0, "lane_num": -2.0}, {"box": {"x": 485.0, "y": 301.0, "width": 20.0, "height": 13.0}, "distance": 11.9587, "label": 2.0, "confidence": 0.58, "vehicle_id": -1.0, "lane_num": -2.0}, {"box": {"x": 602.0, "y": 299.0, "width": 14.0, "height": 17.0}, "distance": 30.1101, "label": 1.0, "confidence": 0.43, "vehicle_id": -1.0, "lane_num": -1.0}, {"box": {"x": 515.0, "y": 299.0, "width": 18.0, "height": 12.0}, "distance": 20.4436, "label": 2.0, "confidence": 0.34, "vehicle_id": -1.0, "lane_num": -2.0}]}, {"time": 51, "vehicles": [{"box": {"x": 613.0, "y": 227.0, "width": 85.0, "height": 136.0}, "distance": 14.4076, "label": 2.0, "confidence": 0.92, "vehicle_id": -1.0, "lane_num": 0.0}, {"box": {"x": 551.0, "y": 295.0, "width": 44.0, "height": 39.0}, "distance": 34.5759, "label": 1.0, "confidence": 0.84, "vehicle_id": -1.0, "lane_num": -1.0}, {"box": {"x": 392.0, "y": 298.0, "width": 38.0, "height": 20.0}, "distance": 16.492, "label": 2.0, "confidence": 0.84, "vehicle_id": -1.0, "lane_num": -2.0}, {"box": {"x": 456.0, "y": 297.0, "width": 28.0, "height": 16.0}, "distance": 9.4116, "label": 2.0, "confidence": 0.6, "vehicle_id": -1.0, "lane_num": -2.0}, {"box": {"x": 603.0, "y": 296.0, "width": 14.0, "height": 17.0}, "distance": 31.0355, "label": 2.0, "confidence": 0.31, "vehicle_id": -1.0, "lane_num": -1.0}]}, {"time": 52, "vehicles": [{"box": {"x": 617.0, "y": 254.0, "width": 80.0, "height": 112.0}, "distance": 14.3174, "label": 2.0, "confidence": 0.92, "vehicle_id": -1.0, "lane_num": 0.0}, {"box": {"x": 555.0, "y": 301.0, "width": 42.0, "height": 37.0}, "distance": 35.8696, "label": 1.0, "confidence": 0.89, "vehicle_id": -1.0, "lane_num": -1.0}, {"box": {"x": 33.0, "y": 307.0, "width": 130.0, "height": 52.0}, "distance": 15.4241, "label": 2.0, "confidence": 0.84, "vehicle_id": -1.0, "lane_num": -2.0}, {"box": {"x": 260.0, "y": 303.0, "width": 82.0, "height": 31.0}, "distance": 14.4409, "label": 2.0, "confidence": 0.77, "vehicle_id": -1.0, "lane_num": -2.0}, {"box": {"x": 607.0, "y": 300.0, "width": 14.0, "height": 17.0}, "distance": 27.6518, "label": 1.0, "confidence": 0.32, "vehicle_id": -1.0, "lane_num": -1.0}]}, {"time": 53, "vehicles": [{"box": {"x": 618.0, "y": 255.0, "width": 78.0, "height": 110.0}, "distance": 14.1825, "label": 2.0, "confidence": 0.9, "vehicle_id": -1.0, "lane_num": 0.0}, {"box": {"x": 556.0, "y": 296.0, "width": 43.0, "height": 40.0}, "distance": 36.146, "label": 1.0, "confidence": 0.9, "vehicle_id": -1.0, "lane_num": -1.0}, {"box": {"x": 607.0, "y": 297.0, "width": 17.0, "height": 18.0}, "distance": 30.0715, "label": 1.0, "confidence": 0.47, "vehicle_id": -1.0, "lane_num": -1.0}]}, {"time": 54, "vehicles": [{"box": {"x": 618.0, "y": 257.0, "width": 78.0, "height": 106.0}, "distance": 14.7748, "label": 2.0, "confidence": 0.9, "vehicle_id": -1.0, "lane_num": 0.0}, {"box": {"x": 557.0, "y": 299.0, "width": 40.0, "height": 37.0}, "distance": 34.3374, "label": 1.0, "confidence": 0.9, "vehicle_id": -1.0, "lane_num": -1.0}, {"box": {"x": 134.0, "y": 309.0, "width": 117.0, "height": 36.0}, "distance": 10.2404, "label": 0.0, "confidence": 0.53, "vehicle_id": -1.0, "lane_num": -2.0}, {"box": {"x": 606.0, "y": 299.0, "width": 16.0, "height": 17.0}, "distance": 33.6728, "label": 1.0, "confidence": 0.51, "vehicle_id": -1.0, "lane_num": -1.0}, {"box": {"x": 406.0, "y": 305.0, "width": 30.0, "height": 15.0}, "distance": 12.4218, "label": 2.0, "confidence": 0.45, "vehicle_id": -1.0, "lane_num": -2.0}, {"box": {"x": 458.0, "y": 302.0, "width": 26.0, "height": 13.0}, "distance": 10.7308, "label": 2.0, "confidence": 0.23, "vehicle_id": -1.0, "lane_num": -2.0}, {"box": {"x": 437.0, "y": 284.0, "width": 46.0, "height": 29.0}, "distance": 10.6664, "label": 2.0, "confidence": 0.12, "vehicle_id": -1.0, "lane_num": -2.0}]}, {"time": 55, "vehicles": [{"box": {"x": 618.0, "y": 256.0, "width": 75.0, "height": 105.0}, "distance": 14.8126, "label": 2.0, "confidence": 0.91, "vehicle_id": -1.0, "lane_num": 0.0}, {"box": {"x": 554.0, "y": 296.0, "width": 42.0, "height": 39.0}, "distance": 33.4475, "label": 1.0, "confidence": 0.84, "vehicle_id": -1.0, "lane_num": -1.0}, {"box": {"x": 274.0, "y": 304.0, "width": 56.0, "height": 27.0}, "distance": 13.5611, "label": 2.0, "confidence": 0.76, "vehicle_id": -1.0, "lane_num": -2.0}, {"box": {"x": 604.0, "y": 298.0, "width": 16.0, "height": 17.0}, "distance": 37.4915, "label": 1.0, "confidence": 0.39, "vehicle_id": -1.0, "lane_num": -1.0}]}, {"time": 56, "vehicles": [{"box": {"x": 619.0, "y": 260.0, "width": 71.0, "height": 100.0}, "distance": 15.6438, "label": 2.0, "confidence": 0.9, "vehicle_id": -1.0, "lane_num": 0.0}, {"box": {"x": 554.0, "y": 298.0, "width": 41.0, "height": 37.0}, "distance": 34.0445, "label": 1.0, "confidence": 0.85, "vehicle_id": -1.0, "lane_num": -1.0}, {"box": {"x": 603.0, "y": 299.0, "width": 15.0, "height": 15.0}, "distance": 44.7241, "label": 1.0, "confidence": 0.33, "vehicle_id": -1.0, "lane_num": -1.0}, {"box": {"x": 448.0, "y": 302.0, "width": 23.0, "height": 14.0}, "distance": 10.2237, "label": 2.0, "confidence": 0.11, "vehicle_id": -1.0, "lane_num": -2.0}]}, {"time": 57, "vehicles": [{"box": {"x": 619.0, "y": 260.0, "width": 70.0, "height": 98.0}, "distance": 16.8298, "label": 2.0, "confidence": 0.9, "vehicle_id": -1.0, "lane_num": 0.0}, {"box": {"x": 555.0, "y": 298.0, "width": 41.0, "height": 36.0}, "distance": 33.3031, "label": 1.0, "confidence": 0.86, "vehicle_id": -1.0, "lane_num": -1.0}, {"box": {"x": 600.0, "y": 298.0, "width": 17.0, "height": 17.0}, "distance": 40.8551, "label": 1.0, "confidence": 0.39, "vehicle_id": -1.0, "lane_num": -1.0}]}, {"time": 58, "vehicles": [{"box": {"x": 622.0, "y": 262.0, "width": 66.0, "height": 93.0}, "distance": 16.6634, "label": 2.0, "confidence": 0.9, "vehicle_id": -1.0, "lane_num": 0.0}, {"box": {"x": 558.0, "y": 301.0, "width": 38.0, "height": 34.0}, "distance": 35.1172, "label": 1.0, "confidence": 0.88, "vehicle_id": -1.0, "lane_num": -1.0}, {"box": {"x": 600.0, "y": 301.0, "width": 18.0, "height": 17.0}, "distance": 29.1598, "label": 1.0, "confidence": 0.46, "vehicle_id": -1.0, "lane_num": -1.0}, {"box": {"x": 433.0, "y": 304.0, "width": 26.0, "height": 15.0}, "distance": 14.3078, "label": 2.0, "confidence": 0.22, "vehicle_id": -1.0, "lane_num": -2.0}]}, {"time": 59, "vehicles": [{"box": {"x": 560.0, "y": 302.0, "width": 38.0, "height": 35.0}, "distance": 29.4714, "label": 1.0, "confidence": 0.82, "vehicle_id": -1.0, "lane_num": -1.0}, {"box": {"x": 621.0, "y": 258.0, "width": 64.0, "height": 96.0}, "distance": 19.3388, "label": 2.0, "confidence": 0.81, "vehicle_id": -1.0, "lane_num": 0.0}, {"box": {"x": 599.0, "y": 303.0, "width": 17.0, "height": 17.0}, "distance": 27.3107, "label": 0.0, "confidence": 0.49, "vehicle_id": -1.0, "lane_num": -1.0}]}, {"time": 60, "vehicles": [{"box": {"x": 620.0, "y": 257.0, "width": 61.0, "height": 97.0}, "distance": 20.3771, "label": 2.0, "confidence": 0.78, "vehicle_id": -1.0, "lane_num": 0.0}, {"box": {"x": 564.0, "y": 302.0, "width": 36.0, "height": 33.0}, "distance": 27.5725, "label": 2.0, "confidence": 0.58, "vehicle_id": -1.0, "lane_num": -1.0}, {"box": {"x": 599.0, "y": 302.0, "width": 17.0, "height": 17.0}, "distance": 27.17, "label": 0.0, "confidence": 0.55, "vehicle_id": -1.0, "lane_num": -1.0}, {"box": {"x": 540.0, "y": 291.0, "width": 24.0, "height": 20.0}, "distance": 19.7562, "label": 1.0, "confidence": 0.38, "vehicle_id": -1.0, "lane_num": -2.0}]}, {"time": 61, "vehicles": [{"box": {"x": 620.0, "y": 254.0, "width": 61.0, "height": 96.0}, "distance": 20.6873, "label": 2.0, "confidence": 0.84, "vehicle_id": -1.0, "lane_num": 0.0}, {"box": {"x": 567.0, "y": 300.0, "width": 37.0, "height": 32.0}, "distance": 26.784, "label": 0.0, "confidence": 0.56, "vehicle_id": -1.0, "lane_num": -1.0}, {"box": {"x": 513.0, "y": 284.0, "width": 39.0, "height": 27.0}, "distance": 15.4797, "label": 1.0, "confidence": 0.49, "vehicle_id": -1.0, "lane_num": -2.0}, {"box": {"x": 600.0, "y": 301.0, "width": 17.0, "height": 17.0}, "distance": 24.3443, "label": 0.0, "confidence": 0.44, "vehicle_id": -1.0, "lane_num": -1.0}, {"box": {"x": 466.0, "y": 304.0, "width": 23.0, "height": 11.0}, "distance": 10.817, "label": 2.0, "confidence": 0.23, "vehicle_id": -1.0, "lane_num": -2.0}]}, {"time": 62, "vehicles": [{"box": {"x": 620.0, "y": 262.0, "width": 61.0, "height": 88.0}, "distance": 20.6586, "label": 2.0, "confidence": 0.88, "vehicle_id": -1.0, "lane_num": 0.0}, {"box": {"x": 449.0, "y": 275.0, "width": 64.0, "height": 40.0}, "distance": 13.6522, "label": 2.0, "confidence": 0.74, "vehicle_id": -1.0, "lane_num": -2.0}, {"box": {"x": 370.0, "y": 301.0, "width": 67.0, "height": 21.0}, "distance": 11.8939, "label": 2.0, "confidence": 0.72, "vehicle_id": -1.0, "lane_num": -2.0}, {"box": {"x": 572.0, "y": 301.0, "width": 34.0, "height": 32.0}, "distance": 33.8887, "label": 0.0, "confidence": 0.58, "vehicle_id": -1.0, "lane_num": -1.0}, {"box": {"x": 602.0, "y": 301.0, "width": 15.0, "height": 17.0}, "distance": 25.1191, "label": 0.0, "confidence": 0.55, "vehicle_id": -1.0, "lane_num": -1.0}]}, {"time": 63, "vehicles": [{"box": {"x": 246.0, "y": 240.0, "width": 210.0, "height": 84.0}, "distance": 11.4667, "label": 1.0, "confidence": 0.87, "vehicle_id": -1.0, "lane_num": -2.0}, {"box": {"x": 573.0, "y": 299.0, "width": 33.0, "height": 31.0}, "distance": 26.4255, "label": 0.0, "confidence": 0.72, "vehicle_id": -1.0, "lane_num": -1.0}, {"box": {"x": 620.0, "y": 262.0, "width": 61.0, "height": 85.0}, "distance": 22.5317, "label": 2.0, "confidence": 0.72, "vehicle_id": -1.0, "lane_num": 0.0}, {"box": {"x": 597.0, "y": 298.0, "width": 16.0, "height": 19.0}, "distance": 34.0645, "label": 0.0, "confidence": 0.67, "vehicle_id": -1.0, "lane_num": -1.0}, {"box": {"x": 32.0, "y": 296.0, "width": 152.0, "height": 41.0}, "distance": 12.2836, "label": 2.0, "confidence": 0.14, "vehicle_id": -1.0, "lane_num": -2.0}, {"box": {"x": 613.0, "y": 295.0, "width": 11.0, "height": 12.0}, "distance": 29.9311, "label": 0.0, "confidence": 0.12, "vehicle_id": -1.0, "lane_num": -1.0}]}, {"time": 64, "vehicles": [{"box": {"x": 619.0, "y": 264.0, "width": 60.0, "height": 84.0}, "distance": 21.376, "label": 2.0, "confidence": 0.84, "vehicle_id": -1.0, "lane_num": 0.0}, {"box": {"x": 572.0, "y": 299.0, "width": 32.0, "height": 31.0}, "distance": 33.0103, "label": 0.0, "confidence": 0.44, "vehicle_id": -1.0, "lane_num": -1.0}, {"box": {"x": 211.0, "y": 299.0, "width": 72.0, "height": 26.0}, "distance": 10.23, "label": 0.0, "confidence": 0.33, "vehicle_id": -1.0, "lane_num": -2.0}, {"box": {"x": 0.0, "y": 156.0, "width": 198.0, "height": 181.0}, "distance": 8.4152, "label": 1.0, "confidence": 0.27, "vehicle_id": -1.0, "lane_num": -2.0}, {"box": {"x": 595.0, "y": 299.0, "width": 14.0, "height": 18.0}, "distance": 33.6915, "label": 0.0, "confidence": 0.14, "vehicle_id": -1.0, "lane_num": -1.0}]}, {"time": 65, "vehicles": [{"box": {"x": 615.0, "y": 265.0, "width": 59.0, "height": 81.0}, "distance": 21.6305, "label": 2.0, "confidence": 0.88, "vehicle_id": -1.0, "lane_num": 0.0}, {"box": {"x": 567.0, "y": 298.0, "width": 30.0, "height": 30.0}, "distance": 31.6971, "label": 1.0, "confidence": 0.63, "vehicle_id": -1.0, "lane_num": -1.0}, {"box": {"x": 483.0, "y": 298.0, "width": 18.0, "height": 11.0}, "distance": 24.7522, "label": 2.0, "confidence": 0.29, "vehicle_id": -1.0, "lane_num": -2.0}, {"box": {"x": 457.0, "y": 295.0, "width": 24.0, "height": 13.0}, "distance": 9.3421, "label": 2.0, "confidence": 0.24, "vehicle_id": -1.0, "lane_num": -2.0}]}, {"time": 66, "vehicles": [{"box": {"x": 607.0, "y": 266.0, "width": 59.0, "height": 81.0}, "distance": 20.983, "label": 2.0, "confidence": 0.82, "vehicle_id": -1.0, "lane_num": 0.0}, {"box": {"x": 559.0, "y": 298.0, "width": 30.0, "height": 30.0}, "distance": 33.1858, "label": 0.0, "confidence": 0.67, "vehicle_id": -1.0, "lane_num": -1.0}, {"box": {"x": 412.0, "y": 298.0, "width": 30.0, "height": 14.0}, "distance": 11.4103, "label": 2.0, "confidence": 0.53, "vehicle_id": -1.0, "lane_num": -2.0}, {"box": {"x": 457.0, "y": 297.0, "width": 15.0, "height": 12.0}, "distance": 28.2549, "label": 2.0, "confidence": 0.15, "vehicle_id": -1.0, "lane_num": -2.0}]}, {"time": 67, "vehicles": [{"box": {"x": 603.0, "y": 264.0, "width": 59.0, "height": 83.0}, "distance": 20.592, "label": 2.0, "confidence": 0.87, "vehicle_id": -1.0, "lane_num": 0.0}, {"box": {"x": 150.0, "y": 298.0, "width": 107.0, "height": 33.0}, "distance": 15.9369, "label": 2.0, "confidence": 0.83, "vehicle_id": -1.0, "lane_num": -2.0}, {"box": {"x": 553.0, "y": 297.0, "width": 29.0, "height": 30.0}, "distance": 37.7299, "label": 1.0, "confidence": 0.8, "vehicle_id": -1.0, "lane_num": -1.0}, {"box": {"x": 264.0, "y": 283.0, "width": 57.0, "height": 34.0}, "distance": 10.8433, "label": 2.0, "confidence": 0.22, "vehicle_id": -1.0, "lane_num": -2.0}, {"box": {"x": 411.0, "y": 302.0, "width": 19.0, "height": 10.0}, "distance": 13.207, "label": 2.0, "confidence": 0.2, "vehicle_id": -1.0, "lane_num": -2.0}, {"box": {"x": 596.0, "y": 296.0, "width": 13.0, "height": 20.0}, "distance": 26.0463, "label": 1.0, "confidence": 0.14, "vehicle_id": -1.0, "lane_num": -1.0}, {"box": {"x": 457.0, "y": 298.0, "width": 13.0, "height": 10.0}, "distance": 16.0571, "label": 2.0, "confidence": 0.13, "vehicle_id": -1.0, "lane_num": -2.0}]}, {"time": 68, "vehicles": [{"box": {"x": 598.0, "y": 265.0, "width": 58.0, "height": 81.0}, "distance": 21.8662, "label": 2.0, "confidence": 0.78, "vehicle_id": -1.0, "lane_num": 0.0}, {"box": {"x": 548.0, "y": 298.0, "width": 28.0, "height": 28.0}, "distance": 28.6324, "label": 1.0, "confidence": 0.77, "vehicle_id": -1.0, "lane_num": -1.0}, {"box": {"x": -1.0, "y": 350.0, "width": 245.0, "height": 245.0}, "distance": 7.7549, "label": 0.0, "confidence": 0.49, "vehicle_id": -1.0, "lane_num": -1.0}, {"box": {"x": 290.0, "y": 301.0, "width": 47.0, "height": 17.0}, "distance": 17.2241, "label": 2.0, "confidence": 0.19, "vehicle_id": -1.0, "lane_num": -2.0}, {"box": {"x": 592.0, "y": 294.0, "width": 15.0, "height": 21.0}, "distance": 30.8299, "label": 1.0, "confidence": 0.17, "vehicle_id": -1.0, "lane_num": -1.0}, {"box": {"x": 457.0, "y": 294.0, "width": 17.0, "height": 13.0}, "distance": 16.8084, "label": 2.0, "confidence": 0.11, "vehicle_id": -1.0, "lane_num": -2.0}]}, {"time": 69, "vehicles": [{"box": {"x": 599.0, "y": 266.0, "width": 53.0, "height": 79.0}, "distance": 23.6934, "label": 2.0, "confidence": 0.84, "vehicle_id": -1.0, "lane_num": 0.0}, {"box": {"x": 0.0, "y": 316.0, "width": 341.0, "height": 286.0}, "distance": 9.3808, "label": 1.0, "confidence": 0.8, "vehicle_id": -1.0, "lane_num": -1.0}, {"box": {"x": 545.0, "y": 298.0, "width": 28.0, "height": 28.0}, "distance": 29.4685, "label": 1.0, "confidence": 0.55, "vehicle_id": -1.0, "lane_num": -1.0}, {"box": {"x": 588.0, "y": 301.0, "width": 14.0, "height": 16.0}, "distance": 33.7794, "label": 0.0, "confidence": 0.2, "vehicle_id": -1.0, "lane_num": -1.0}, {"box": {"x": 364.0, "y": 287.0, "width": 39.0, "height": 21.0}, "distance": 15.1165, "label": 2.0, "confidence": 0.14, "vehicle_id": -1.0, "lane_num": -2.0}]}, {"time": 70, "vehicles": [{"box": {"x": 599.0, "y": 268.0, "width": 52.0, "height": 80.0}, "distance": 20.7935, "label": 2.0, "confidence": 0.89, "vehicle_id": -1.0, "lane_num": 0.0}, {"box": {"x": 546.0, "y": 299.0, "width": 28.0, "height": 27.0}, "distance": 32.9519, "label": 1.0, "confidence": 0.81, "vehicle_id": -1.0, "lane_num": -1.0}, {"box": {"x": 0.0, "y": 311.0, "width": 388.0, "height": 262.0}, "distance": 11.2913, "label": 1.0, "confidence": 0.77, "vehicle_id": -1.0, "lane_num": -1.0}, {"box": {"x": 456.0, "y": 285.0, "width": 37.0, "height": 23.0}, "distance": 10.3264, "label": 2.0, "confidence": 0.3, "vehicle_id": -1.0, "lane_num": -2.0}, {"box": {"x": 589.0, "y": 306.0, "width": 12.0, "height": 13.0}, "distance": 35.1357, "label": 1.0, "confidence": 0.25, "vehicle_id": -1.0, "lane_num": -1.0}, {"box": {"x": 368.0, "y": 290.0, "width": 30.0, "height": 19.0}, "distance": 11.8673, "label": 2.0, "confidence": 0.16, "vehicle_id": -1.0, "lane_num": -2.0}]}, {"time": 71, "vehicles": [{"box": {"x": 37.0, "y": 308.0, "width": 390.0, "height": 208.0}, "distance": 11.2864, "label": 1.0, "confidence": 0.87, "vehicle_id": -1.0, "lane_num": -1.0}, {"box": {"x": 601.0, "y": 268.0, "width": 52.0, "height": 77.0}, "distance": 22.9561, "label": 2.0, "confidence": 0.85, "vehicle_id": -1.0, "lane_num": 0.0}, {"box": {"x": 552.0, "y": 299.0, "width": 25.0, "height": 26.0}, "distance": 34.7017, "label": 1.0, "confidence": 0.82, "vehicle_id": -1.0, "lane_num": -1.0}, {"box": {"x": 434.0, "y": 296.0, "width": 18.0, "height": 11.0}, "distance": 13.247, "label": 2.0, "confidence": 0.29, "vehicle_id": -1.0, "lane_num": -2.0}, {"box": {"x": 592.0, "y": 301.0, "width": 13.0, "height": 16.0}, "distance": 34.0747, "label": 0.0, "confidence": 0.18, "vehicle_id": -1.0, "lane_num": -1.0}, {"box": {"x": 581.0, "y": 281.0, "width": 21.0, "height": 30.0}, "distance": 37.2718, "label": 1.0, "confidence": 0.12, "vehicle_id": -1.0, "lane_num": -1.0}]}, {"time": 72, "vehicles": [{"box": {"x": 602.0, "y": 264.0, "width": 53.0, "height": 79.0}, "distance": 21.3329, "label": 2.0, "confidence": 0.84, "vehicle_id": -1.0, "lane_num": 0.0}, {"box": {"x": 145.0, "y": 305.0, "width": 304.0, "height": 171.0}, "distance": 10.9886, "label": 1.0, "confidence": 0.7, "vehicle_id": -1.0, "lane_num": -1.0}, {"box": {"x": 554.0, "y": 297.0, "width": 25.0, "height": 25.0}, "distance": 32.5276, "label": 1.0, "confidence": 0.69, "vehicle_id": -1.0, "lane_num": -1.0}, {"box": {"x": 367.0, "y": 292.0, "width": 36.0, "height": 17.0}, "distance": 9.3916, "label": 2.0, "confidence": 0.5, "vehicle_id": -1.0, "lane_num": -2.0}, {"box": {"x": 593.0, "y": 279.0, "width": 15.0, "height": 37.0}, "distance": 36.2574, "label": 1.0, "confidence": 0.25, "vehicle_id": -1.0, "lane_num": -1.0}, {"box": {"x": 474.0, "y": 296.0, "width": 11.0, "height": 8.0}, "distance": 13.4718, "label": 2.0, "confidence": 0.11, "vehicle_id": -1.0, "lane_num": -2.0}]}, {"time": 73, "vehicles": [{"box": {"x": 606.0, "y": 264.0, "width": 55.0, "height": 81.0}, "distance": 24.6282, "label": 2.0, "confidence": 0.78, "vehicle_id": -1.0, "lane_num": 0.0}, {"box": {"x": 212.0, "y": 303.0, "width": 261.0, "height": 152.0}, "distance": 13.5374, "label": 1.0, "confidence": 0.77, "vehicle_id": -1.0, "lane_num": -1.0}, {"box": {"x": 555.0, "y": 298.0, "width": 25.0, "height": 25.0}, "distance": 37.1995, "label": 1.0, "confidence": 0.75, "vehicle_id": -1.0, "lane_num": -1.0}, {"box": {"x": 130.0, "y": 293.0, "width": 94.0, "height": 29.0}, "distance": 10.048, "label": 0.0, "confidence": 0.74, "vehicle_id": -1.0, "lane_num": -2.0}, {"box": {"x": 594.0, "y": 300.0, "width": 15.0, "height": 15.0}, "distance": 44.6914, "label": 0.0, "confidence": 0.36, "vehicle_id": -1.0, "lane_num": -1.0}, {"box": {"x": 459.0, "y": 297.0, "width": 14.0, "height": 9.0}, "distance": 19.879, "label": 2.0, "confidence": 0.18, "vehicle_id": -1.0, "lane_num": -2.0}]}, {"time": 74, "vehicles": [{"box": {"x": 273.0, "y": 308.0, "width": 216.0, "height": 140.0}, "distance": 13.0236, "label": 0.0, "confidence": 0.64, "vehicle_id": -1.0, "lane_num": -1.0}, {"box": {"x": 605.0, "y": 272.0, "width": 53.0, "height": 74.0}, "distance": 25.8494, "label": 2.0, "confidence": 0.59, "vehicle_id": -1.0, "lane_num": 0.0}, {"box": {"x": 558.0, "y": 303.0, "width": 23.0, "height": 22.0}, "distance": 31.3328, "label": 2.0, "confidence": 0.45, "vehicle_id": -1.0, "lane_num": -1.0}, {"box": {"x": 595.0, "y": 304.0, "width": 14.0, "height": 16.0}, "distance": 37.4444, "label": 0.0, "confidence": 0.29, "vehicle_id": -1.0, "lane_num": 0.0}, {"box": {"x": 415.0, "y": 300.0, "width": 22.0, "height": 12.0}, "distance": 6.3729, "label": 0.0, "confidence": 0.28, "vehicle_id": -1.0, "lane_num": -2.0}]}, {"time": 75, "vehicles": [{"box": {"x": 306.0, "y": 302.0, "width": 190.0, "height": 127.0}, "distance": 12.7086, "label": 1.0, "confidence": 0.74, "vehicle_id": -1.0, "lane_num": -1.0}, {"box": {"x": 603.0, "y": 266.0, "width": 51.0, "height": 77.0}, "distance": 25.0668, "label": 2.0, "confidence": 0.71, "vehicle_id": -1.0, "lane_num": 0.0}, {"box": {"x": 559.0, "y": 298.0, "width": 24.0, "height": 23.0}, "distance": 32.2926, "label": 1.0, "confidence": 0.38, "vehicle_id": -1.0, "lane_num": -1.0}, {"box": {"x": 286.0, "y": 294.0, "width": 60.0, "height": 20.0}, "distance": 12.665, "label": 2.0, "confidence": 0.27, "vehicle_id": -1.0, "lane_num": -2.0}]}, {"time": 76, "vehicles": [{"box": {"x": 331.0, "y": 303.0, "width": 173.0, "height": 117.0}, "distance": 15.5089, "label": 0.0, "confidence": 0.94, "vehicle_id": -1.0, "lane_num": -1.0}, {"box": {"x": 604.0, "y": 273.0, "width": 53.0, "height": 70.0}, "distance": 25.0161, "label": 2.0, "confidence": 0.63, "vehicle_id": -1.0, "lane_num": 0.0}, {"box": {"x": 563.0, "y": 299.0, "width": 24.0, "height": 22.0}, "distance": 34.8007, "label": 0.0, "confidence": 0.61, "vehicle_id": -1.0, "lane_num": -1.0}, {"box": {"x": 581.0, "y": 298.0, "width": 13.0, "height": 16.0}, "distance": 30.2156, "label": 0.0, "confidence": 0.23, "vehicle_id": -1.0, "lane_num": -1.0}, {"box": {"x": 503.0, "y": 295.0, "width": 14.0, "height": 10.0}, "distance": 9.4906, "label": 0.0, "confidence": 0.19, "vehicle_id": -1.0, "lane_num": -2.0}]}, {"time": 77, "vehicles": [{"box": {"x": 346.0, "y": 300.0, "width": 164.0, "height": 112.0}, "distance": 17.0174, "label": 1.0, "confidence": 0.9, "vehicle_id": -1.0, "lane_num": -1.0}, {"box": {"x": 610.0, "y": 269.0, "width": 52.0, "height": 71.0}, "distance": 26.1564, "label": 2.0, "confidence": 0.82, "vehicle_id": -1.0, "lane_num": 0.0}, {"box": {"x": 569.0, "y": 297.0, "width": 23.0, "height": 22.0}, "distance": 44.0799, "label": 1.0, "confidence": 0.68, "vehicle_id": -1.0, "lane_num": -1.0}, {"box": {"x": 589.0, "y": 296.0, "width": 14.0, "height": 15.0}, "distance": 37.8729, "label": 1.0, "confidence": 0.37, "vehicle_id": -1.0, "lane_num": -1.0}]}, {"time": 78, "vehicles": [{"box": {"x": 615.0, "y": 270.0, "width": 52.0, "height": 73.0}, "distance": 24.9996, "label": 2.0, "confidence": 0.66, "vehicle_id": -1.0, "lane_num": 0.0}, {"box": {"x": 359.0, "y": 302.0, "width": 157.0, "height": 108.0}, "distance": 13.835, "label": 0.0, "confidence": 0.62, "vehicle_id": -1.0, "lane_num": -1.0}, {"box": {"x": 572.0, "y": 299.0, "width": 23.0, "height": 22.0}, "distance": 35.3456, "label": 0.0, "confidence": 0.46, "vehicle_id": -1.0, "lane_num": -1.0}, {"box": {"x": 594.0, "y": 299.0, "width": 14.0, "height": 15.0}, "distance": 36.821, "label": 0.0, "confidence": 0.4, "vehicle_id": -1.0, "lane_num": -1.0}, {"box": {"x": 446.0, "y": 290.0, "width": 30.0, "height": 16.0}, "distance": 11.5548, "label": 2.0, "confidence": 0.17, "vehicle_id": -1.0, "lane_num": -2.0}]}, {"time": 79, "vehicles": [{"box": {"x": 613.0, "y": 271.0, "width": 52.0, "height": 70.0}, "distance": 25.3153, "label": 2.0, "confidence": 0.89, "vehicle_id": -1.0, "lane_num": 0.0}, {"box": {"x": 367.0, "y": 300.0, "width": 149.0, "height": 107.0}, "distance": 16.5833, "label": 1.0, "confidence": 0.86, "vehicle_id": -1.0, "lane_num": -1.0}, {"box": {"x": 574.0, "y": 299.0, "width": 23.0, "height": 22.0}, "distance": 43.161, "label": 1.0, "confidence": 0.85, "vehicle_id": -1.0, "lane_num": -1.0}, {"box": {"x": 598.0, "y": 300.0, "width": 11.0, "height": 12.0}, "distance": 43.0975, "label": 1.0, "confidence": 0.61, "vehicle_id": -1.0, "lane_num": -1.0}, {"box": {"x": 344.0, "y": 289.0, "width": 59.0, "height": 28.0}, "distance": 12.9358, "label": 2.0, "confidence": 0.52, "vehicle_id": -1.0, "lane_num": -2.0}]}], "traffic_signs": {"stop_signs": [{"time": 0, "stop_signs": []}, {"time": 1, "stop_signs": []}, {"time": 2, "stop_signs": []}, {"time": 3, "stop_signs": []}, {"time": 4, "stop_signs": []}, {"time": 5, "stop_signs": []}, {"time": 6, "stop_signs": []}, {"time": 7, "stop_signs": []}, {"time": 8, "stop_signs": []}, {"time": 9, "stop_signs": []}, {"time": 10, "stop_signs": []}, {"time": 11, "stop_signs": []}, {"time": 12, "stop_signs": []}, {"time": 13, "stop_signs": []}, {"time": 14, "stop_signs": []}, {"time": 15, "stop_signs": []}, {"time": 16, "stop_signs": []}, {"time": 17, "stop_signs": []}, {"time": 18, "stop_signs": []}, {"time": 19, "stop_signs": []}, {"time": 20, "stop_signs": []}, {"time": 21, "stop_signs": []}, {"time": 22, "stop_signs": []}, {"time": 23, "stop_signs": []}, {"time": 24, "stop_signs": []}, {"time": 25, "stop_signs": []}, {"time": 26, "stop_signs": []}, {"time": 27, "stop_signs": []}, {"time": 28, "stop_signs": []}, {"time": 29, "stop_signs": []}, {"time": 30, "stop_signs": []}, {"time": 31, "stop_signs": []}, {"time": 32, "stop_signs": []}, {"time": 33, "stop_signs": []}, {"time": 34, "stop_signs": []}, {"time": 35, "stop_signs": []}, {"time": 36, "stop_signs": []}, {"time": 37, "stop_signs": []}, {"time": 38, "stop_signs": []}, {"time": 39, "stop_signs": []}, {"time": 40, "stop_signs": []}, {"time": 41, "stop_signs": []}, {"time": 42, "stop_signs": []}, {"time": 43, "stop_signs": []}, {"time": 44, "stop_signs": []}, {"time": 45, "stop_signs": []}, {"time": 46, "stop_signs": []}, {"time": 47, "stop_signs": []}, {"time": 48, "stop_signs": []}, {"time": 49, "stop_signs": []}, {"time": 50, "stop_signs": []}, {"time": 51, "stop_signs": []}, {"time": 52, "stop_signs": []}, {"time": 53, "stop_signs": []}, {"time": 54, "stop_signs": []}, {"time": 55, "stop_signs": []}, {"time": 56, "stop_signs": []}, {"time": 57, "stop_signs": []}, {"time": 58, "stop_signs": []}, {"time": 59, "stop_signs": []}, {"time": 60, "stop_signs": []}, {"time": 61, "stop_signs": []}, {"time": 62, "stop_signs": []}, {"time": 63, "stop_signs": []}, {"time": 64, "stop_signs": []}, {"time": 65, "stop_signs": []}, {"time": 66, "stop_signs": []}, {"time": 67, "stop_signs": []}, {"time": 68, "stop_signs": []}, {"time": 69, "stop_signs": []}, {"time": 70, "stop_signs": []}, {"time": 71, "stop_signs": []}, {"time": 72, "stop_signs": []}, {"time": 73, "stop_signs": []}, {"time": 74, "stop_signs": []}, {"time": 75, "stop_signs": []}, {"time": 76, "stop_signs": []}, {"time": 77, "stop_signs": []}, {"time": 78, "stop_signs": []}, {"time": 79, "stop_signs": []}], "speed_signs": [{"time": 0, "speed_signs": []}, {"time": 1, "speed_signs": []}, {"time": 2, "speed_signs": []}, {"time": 3, "speed_signs": []}, {"time": 4, "speed_signs": []}, {"time": 5, "speed_signs": []}, {"time": 6, "speed_signs": []}, {"time": 7, "speed_signs": []}, {"time": 8, "speed_signs": []}, {"time": 9, "speed_signs": []}, {"time": 10, "speed_signs": []}, {"time": 11, "speed_signs": []}, {"time": 12, "speed_signs": []}, {"time": 13, "speed_signs": []}, {"time": 14, "speed_signs": []}, {"time": 15, "speed_signs": []}, {"time": 16, "speed_signs": []}, {"time": 17, "speed_signs": []}, {"time": 18, "speed_signs": []}, {"time": 19, "speed_signs": []}, {"time": 20, "speed_signs": []}, {"time": 21, "speed_signs": []}, {"time": 22, "speed_signs": []}, {"time": 23, "speed_signs": []}, {"time": 24, "speed_signs": []}, {"time": 25, "speed_signs": []}, {"time": 26, "speed_signs": []}, {"time": 27, "speed_signs": []}, {"time": 28, "speed_signs": []}, {"time": 29, "speed_signs": []}, {"time": 30, "speed_signs": []}, {"time": 31, "speed_signs": []}, {"time": 32, "speed_signs": []}, {"time": 33, "speed_signs": []}, {"time": 34, "speed_signs": []}, {"time": 35, "speed_signs": []}, {"time": 36, "speed_signs": []}, {"time": 37, "speed_signs": []}, {"time": 38, "speed_signs": []}, {"time": 39, "speed_signs": []}, {"time": 40, "speed_signs": []}, {"time": 41, "speed_signs": []}, {"time": 42, "speed_signs": []}, {"time": 43, "speed_signs": []}, {"time": 44, "speed_signs": []}, {"time": 45, "speed_signs": []}, {"time": 46, "speed_signs": []}, {"time": 47, "speed_signs": []}, {"time": 48, "speed_signs": []}, {"time": 49, "speed_signs": []}, {"time": 50, "speed_signs": []}, {"time": 51, "speed_signs": []}, {"time": 52, "speed_signs": []}, {"time": 53, "speed_signs": []}, {"time": 54, "speed_signs": []}, {"time": 55, "speed_signs": [{"box": {"x": 1089.3009, "y": 138.633, "width": 75.1764, "height": 159.2301}, "confidence": 0.21}]}, {"time": 56, "speed_signs": []}, {"time": 57, "speed_signs": []}, {"time": 58, "speed_signs": []}, {"time": 59, "speed_signs": []}, {"time": 60, "speed_signs": []}, {"time": 61, "speed_signs": []}, {"time": 62, "speed_signs": []}, {"time": 63, "speed_signs": []}, {"time": 64, "speed_signs": []}, {"time": 65, "speed_signs": [{"box": {"x": 767.9424, "y": 281.3914, "width": 16.46, "height": 27.2175}, "confidence": 0.5}]}, {"time": 66, "speed_signs": [{"box": {"x": 826.3498, "y": 274.9527, "width": 27.8406, "height": 40.1532}, "confidence": 0.47}]}, {"time": 67, "speed_signs": [{"box": {"x": 995.4517, "y": 253.0432, "width": 46.1727, "height": 76.1865}, "confidence": 0.74}]}, {"time": 68, "speed_signs": []}, {"time": 69, "speed_signs": []}, {"time": 70, "speed_signs": []}, {"time": 71, "speed_signs": []}, {"time": 72, "speed_signs": []}, {"time": 73, "speed_signs": []}, {"time": 74, "speed_signs": []}, {"time": 75, "speed_signs": []}, {"time": 76, "speed_signs": []}, {"time": 77, "speed_signs": []}, {"time": 78, "speed_signs": []}, {"time": 79, "speed_signs": []}]}, "dist_out": [{"time": 0, "distance_buckets": {"0-5": 0.0, "5-10": 0.0, "10-15": 0.0, "15-20": 0.0, "20-25": 0.0, "25-30": 0.0, "30-40": 0.0, "40-50": 0.0, "50-": 0.001}}, {"time": 1, "distance_buckets": {"0-5": 0.0, "5-10": 0.0, "10-15": 0.0, "15-20": 0.0, "20-25": 0.0, "25-30": 0.0, "30-40": 0.0, "40-50": 0.0, "50-": 0.001}}, {"time": 2, "distance_buckets": {"0-5": 0.0, "5-10": 0.0, "10-15": 0.0, "15-20": 0.0, "20-25": 0.0, "25-30": 0.0, "30-40": 0.0, "40-50": 0.0, "50-": 0.001}}, {"time": 3, "distance_buckets": {"0-5": 0.0, "5-10": 0.0, "10-15": 0.0, "15-20": 0.0, "20-25": 0.0, "25-30": 0.0, "30-40": 0.0, "40-50": 0.0, "50-": 0.001}}, {"time": 4, "distance_buckets": {"0-5": 0.0, "5-10": 0.0, "10-15": 0.0, "15-20": 0.0, "20-25": 0.0, "25-30": 0.0, "30-40": 0.0, "40-50": 0.0, "50-": 0.001}}, {"time": 5, "distance_buckets": {"0-5": 0.0, "5-10": 0.0, "10-15": 0.0, "15-20": 0.0, "20-25": 0.0, "25-30": 0.0, "30-40": 0.0, "40-50": 0.0, "50-": 0.001}}, {"time": 6, "distance_buckets": {"0-5": 0.0, "5-10": 0.0, "10-15": 0.0, "15-20": 0.0, "20-25": 0.0, "25-30": 0.0, "30-40": 0.0, "40-50": 0.0, "50-": 0.001}}, {"time": 7, "distance_buckets": {"0-5": 0.0, "5-10": 0.0, "10-15": 0.0, "15-20": 0.0, "20-25": 0.0, "25-30": 0.0, "30-40": 0.0, "40-50": 0.0, "50-": 0.001}}, {"time": 8, "distance_buckets": {"0-5": 0.0, "5-10": 0.0, "10-15": 0.0, "15-20": 0.0, "20-25": 0.0, "25-30": 0.0, "30-40": 0.0, "40-50": 0.0, "50-": 0.001}}, {"time": 9, "distance_buckets": {"0-5": 0.0, "5-10": 0.0, "10-15": 0.0, "15-20": 0.0, "20-25": 0.0, "25-30": 0.0, "30-40": 0.0, "40-50": 0.0, "50-": 0.001}}, {"time": 10, "distance_buckets": {"0-5": 0.0, "5-10": 0.0, "10-15": 0.0, "15-20": 0.0, "20-25": 0.0, "25-30": 0.0, "30-40": 0.0, "40-50": 0.0, "50-": 0.001}}, {"time": 11, "distance_buckets": {"0-5": 0.0, "5-10": 0.0, "10-15": 0.0, "15-20": 0.0, "20-25": 0.0, "25-30": 0.0, "30-40": 0.0, "40-50": 0.0, "50-": 0.001}}, {"time": 12, "distance_buckets": {"0-5": 0.0, "5-10": 0.0, "10-15": 0.0, "15-20": 0.0, "20-25": 0.0, "25-30": 0.0, "30-40": 0.0, "40-50": 0.0, "50-": 0.001}}, {"time": 13, "distance_buckets": {"0-5": 0.0, "5-10": 0.0, "10-15": 0.0, "15-20": 0.0, "20-25": 0.0, "25-30": 0.0, "30-40": 0.0, "40-50": 0.0, "50-": 0.001}}, {"time": 14, "distance_buckets": {"0-5": 0.0, "5-10": 0.0, "10-15": 0.0, "15-20": 0.0, "20-25": 0.0, "25-30": 0.0, "30-40": 0.0, "40-50": 0.0, "50-": 0.001}}, {"time": 15, "distance_buckets": {"0-5": 0.0, "5-10": 0.0, "10-15": 0.0, "15-20": 0.0, "20-25": 0.0, "25-30": 0.0, "30-40": 0.0, "40-50": 0.0, "50-": 0.001}}, {"time": 16, "distance_buckets": {"0-5": 0.0, "5-10": 0.0, "10-15": 0.0, "15-20": 0.0, "20-25": 0.0, "25-30": 0.0, "30-40": 0.0, "40-50": 0.0, "50-": 0.001}}, {"time": 17, "distance_buckets": {"0-5": 0.0, "5-10": 0.0, "10-15": 0.0, "15-20": 0.0, "20-25": 0.0, "25-30": 0.0, "30-40": 0.0, "40-50": 0.0, "50-": 0.001}}, {"time": 18, "distance_buckets": {"0-5": 0.0, "5-10": 0.0, "10-15": 0.0, "15-20": 0.0, "20-25": 0.0, "25-30": 0.0, "30-40": 0.0, "40-50": 0.0, "50-": 0.001}}, {"time": 19, "distance_buckets": {"0-5": 0.0, "5-10": 0.0, "10-15": 0.0, "15-20": 0.0, "20-25": 0.0, "25-30": 0.0, "30-40": 0.0, "40-50": 0.0, "50-": 0.001}}, {"time": 20, "distance_buckets": {"0-5": 0.0, "5-10": 0.0, "10-15": 0.0, "15-20": 0.0, "20-25": 0.0, "25-30": 0.0, "30-40": 0.0, "40-50": 0.0, "50-": 0.001}}, {"time": 21, "distance_buckets": {"0-5": 0.0, "5-10": 0.0, "10-15": 0.0, "15-20": 0.0, "20-25": 0.0, "25-30": 0.0, "30-40": 0.0, "40-50": 0.0, "50-": 0.001}}, {"time": 22, "distance_buckets": {"0-5": 0.0, "5-10": 0.0, "10-15": 0.0, "15-20": 0.0, "20-25": 0.0, "25-30": 0.0, "30-40": 0.0, "40-50": 0.0, "50-": 0.001}}, {"time": 23, "distance_buckets": {"0-5": 0.0, "5-10": 0.0, "10-15": 0.0, "15-20": 0.0, "20-25": 0.0, "25-30": 0.0, "30-40": 0.0, "40-50": 0.0, "50-": 0.001}}, {"time": 24, "distance_buckets": {"0-5": 0.0, "5-10": 0.0, "10-15": 0.0, "15-20": 0.0, "20-25": 0.0, "25-30": 0.0, "30-40": 0.0, "40-50": 0.0, "50-": 0.001}}, {"time": 25, "distance_buckets": {"0-5": 0.0, "5-10": 0.0, "10-15": 0.0, "15-20": 0.0, "20-25": 0.0, "25-30": 0.0, "30-40": 0.0, "40-50": 0.0, "50-": 0.001}}, {"time": 26, "distance_buckets": {"0-5": 0.0, "5-10": 0.0, "10-15": 0.0, "15-20": 0.0, "20-25": 0.0, "25-30": 0.0, "30-40": 0.0, "40-50": 0.0, "50-": 0.001}}, {"time": 27, "distance_buckets": {"0-5": 0.0, "5-10": 0.0, "10-15": 0.0, "15-20": 0.0, "20-25": 0.0, "25-30": 0.0, "30-40": 0.0, "40-50": 0.0, "50-": 0.001}}, {"time": 28, "distance_buckets": {"0-5": 0.0, "5-10": 0.0, "10-15": 0.0, "15-20": 0.0, "20-25": 0.0, "25-30": 0.0, "30-40": 0.0, "40-50": 0.0, "50-": 0.001}}, {"time": 29, "distance_buckets": {"0-5": 0.0, "5-10": 0.0, "10-15": 0.0, "15-20": 0.0, "20-25": 0.0, "25-30": 0.0, "30-40": 0.0, "40-50": 0.0, "50-": 0.001}}, {"time": 30, "distance_buckets": {"0-5": 0.0, "5-10": 0.0, "10-15": 0.0, "15-20": 0.0, "20-25": 0.0, "25-30": 0.0, "30-40": 0.0, "40-50": 0.0, "50-": 0.001}}, {"time": 31, "distance_buckets": {"0-5": 0.0, "5-10": 0.0, "10-15": 0.0, "15-20": 0.0, "20-25": 0.0, "25-30": 0.0, "30-40": 0.0, "40-50": 0.0, "50-": 0.001}}, {"time": 32, "distance_buckets": {"0-5": 0.0, "5-10": 0.0, "10-15": 0.0, "15-20": 0.0, "20-25": 0.0, "25-30": 0.0, "30-40": 0.0, "40-50": 0.0, "50-": 0.001}}, {"time": 33, "distance_buckets": {"0-5": 0.0, "5-10": 0.0, "10-15": 0.0, "15-20": 0.0, "20-25": 0.0, "25-30": 0.0, "30-40": 0.0, "40-50": 0.0, "50-": 0.001}}, {"time": 34, "distance_buckets": {"0-5": 0.0, "5-10": 0.0, "10-15": 0.0, "15-20": 0.0, "20-25": 0.0, "25-30": 0.0, "30-40": 0.0, "40-50": 0.0, "50-": 0.001}}, {"time": 35, "distance_buckets": {"0-5": 0.0, "5-10": 0.0, "10-15": 0.0, "15-20": 0.0, "20-25": 0.0, "25-30": 0.0, "30-40": 0.0, "40-50": 0.0, "50-": 0.001}}, {"time": 36, "distance_buckets": {"0-5": 0.0, "5-10": 0.0, "10-15": 0.0, "15-20": 0.0, "20-25": 0.0, "25-30": 0.0, "30-40": 0.0, "40-50": 0.0, "50-": 0.001}}, {"time": 37, "distance_buckets": {"0-5": 0.0, "5-10": 0.0, "10-15": 0.0, "15-20": 0.0, "20-25": 0.0, "25-30": 0.0, "30-40": 0.0, "40-50": 0.0, "50-": 0.001}}, {"time": 38, "distance_buckets": {"0-5": 0.0, "5-10": 0.0, "10-15": 0.0, "15-20": 0.0, "20-25": 0.0, "25-30": 0.0, "30-40": 0.0, "40-50": 0.0, "50-": 0.001}}, {"time": 39, "distance_buckets": {"0-5": 0.0, "5-10": 0.0, "10-15": 0.0, "15-20": 0.0, "20-25": 0.0, "25-30": 0.0, "30-40": 0.0, "40-50": 0.0, "50-": 0.001}}, {"time": 40, "distance_buckets": {"0-5": 0.0, "5-10": 0.0, "10-15": 0.0, "15-20": 0.0, "20-25": 0.0, "25-30": 0.0, "30-40": 0.0, "40-50": 0.0, "50-": 0.001}}, {"time": 41, "distance_buckets": {"0-5": 0.0, "5-10": 0.0, "10-15": 0.0, "15-20": 0.0, "20-25": 0.0, "25-30": 0.0, "30-40": 0.0, "40-50": 0.0, "50-": 0.001}}, {"time": 42, "distance_buckets": {"0-5": 0.0, "5-10": 0.0, "10-15": 0.0, "15-20": 0.0, "20-25": 0.0, "25-30": 0.0, "30-40": 0.0, "40-50": 0.0, "50-": 0.001}}, {"time": 43, "distance_buckets": {"0-5": 0.0, "5-10": 0.0, "10-15": 0.0, "15-20": 0.0, "20-25": 0.0, "25-30": 0.0, "30-40": 0.0, "40-50": 0.0, "50-": 0.001}}, {"time": 44, "distance_buckets": {"0-5": 0.0, "5-10": 0.0, "10-15": 0.0, "15-20": 0.0, "20-25": 0.0, "25-30": 0.0, "30-40": 0.0, "40-50": 0.0, "50-": 0.001}}, {"time": 45, "distance_buckets": {"0-5": 0.0, "5-10": 0.0, "10-15": 0.0, "15-20": 0.0, "20-25": 0.0, "25-30": 0.0, "30-40": 0.0, "40-50": 0.0, "50-": 0.001}}, {"time": 46, "distance_buckets": {"0-5": 0.0, "5-10": 0.0, "10-15": 0.0, "15-20": 0.0, "20-25": 0.0, "25-30": 0.0, "30-40": 0.0, "40-50": 0.0, "50-": 0.001}}, {"time": 47, "distance_buckets": {"0-5": 0.0, "5-10": 0.0, "10-15": 0.0, "15-20": 0.0, "20-25": 0.0, "25-30": 0.0, "30-40": 0.0, "40-50": 0.0, "50-": 0.001}}, {"time": 48, "distance_buckets": {"0-5": 0.0, "5-10": 0.0, "10-15": 0.0, "15-20": 0.0, "20-25": 0.0, "25-30": 0.0, "30-40": 0.0, "40-50": 0.0, "50-": 0.001}}, {"time": 49, "distance_buckets": {"0-5": 0.0, "5-10": 0.0, "10-15": 0.0, "15-20": 0.0, "20-25": 0.0, "25-30": 0.0, "30-40": 0.0, "40-50": 0.0, "50-": 0.001}}, {"time": 50, "distance_buckets": {"0-5": 0.0, "5-10": 0.0, "10-15": 0.0, "15-20": 0.0, "20-25": 0.0, "25-30": 0.0, "30-40": 0.0, "40-50": 0.0, "50-": 0.001}}, {"time": 51, "distance_buckets": {"0-5": 0.0, "5-10": 0.0, "10-15": 0.0, "15-20": 0.0, "20-25": 0.0, "25-30": 0.0, "30-40": 0.0, "40-50": 0.0, "50-": 0.001}}, {"time": 52, "distance_buckets": {"0-5": 0.0, "5-10": 0.0, "10-15": 0.0, "15-20": 0.0, "20-25": 0.0, "25-30": 0.0, "30-40": 0.0, "40-50": 0.0, "50-": 0.001}}, {"time": 53, "distance_buckets": {"0-5": 0.0, "5-10": 0.0, "10-15": 0.0, "15-20": 0.0, "20-25": 0.0, "25-30": 0.0, "30-40": 0.0, "40-50": 0.0, "50-": 0.001}}, {"time": 54, "distance_buckets": {"0-5": 0.0, "5-10": 0.0, "10-15": 0.0, "15-20": 0.0, "20-25": 0.0, "25-30": 0.0, "30-40": 0.0, "40-50": 0.0, "50-": 0.001}}, {"time": 55, "distance_buckets": {"0-5": 0.0, "5-10": 0.0, "10-15": 0.0, "15-20": 0.0, "20-25": 0.0, "25-30": 0.0, "30-40": 0.0, "40-50": 0.0, "50-": 0.001}}, {"time": 56, "distance_buckets": {"0-5": 0.0, "5-10": 0.0, "10-15": 0.0, "15-20": 0.0, "20-25": 0.0, "25-30": 0.0, "30-40": 0.0, "40-50": 0.0, "50-": 0.001}}, {"time": 57, "distance_buckets": {"0-5": 0.0, "5-10": 0.0, "10-15": 0.0, "15-20": 0.0, "20-25": 0.0, "25-30": 0.0, "30-40": 0.0, "40-50": 0.0, "50-": 0.001}}, {"time": 58, "distance_buckets": {"0-5": 0.0, "5-10": 0.0, "10-15": 0.0, "15-20": 0.0, "20-25": 0.0, "25-30": 0.0, "30-40": 0.0, "40-50": 0.0, "50-": 0.001}}, {"time": 59, "distance_buckets": {"0-5": 0.0, "5-10": 0.0, "10-15": 0.0, "15-20": 0.0, "20-25": 0.0, "25-30": 0.0, "30-40": 0.0, "40-50": 0.0, "50-": 0.001}}, {"time": 60, "distance_buckets": {"0-5": 0.0, "5-10": 0.0, "10-15": 0.0, "15-20": 0.0, "20-25": 0.0, "25-30": 0.0, "30-40": 0.0, "40-50": 0.0, "50-": 0.001}}, {"time": 61, "distance_buckets": {"0-5": 0.0, "5-10": 0.0, "10-15": 0.0, "15-20": 0.0, "20-25": 0.0, "25-30": 0.0, "30-40": 0.0, "40-50": 0.0, "50-": 0.001}}, {"time": 62, "distance_buckets": {"0-5": 0.0, "5-10": 0.0, "10-15": 0.0, "15-20": 0.0, "20-25": 0.0, "25-30": 0.0, "30-40": 0.0, "40-50": 0.0, "50-": 0.001}}, {"time": 63, "distance_buckets": {"0-5": 0.0, "5-10": 0.0, "10-15": 0.0, "15-20": 0.0, "20-25": 0.0, "25-30": 0.0, "30-40": 0.0, "40-50": 0.0, "50-": 0.001}}, {"time": 64, "distance_buckets": {"0-5": 0.0, "5-10": 0.0, "10-15": 0.0, "15-20": 0.0, "20-25": 0.0, "25-30": 0.0, "30-40": 0.0, "40-50": 0.0, "50-": 0.001}}, {"time": 65, "distance_buckets": {"0-5": 0.0, "5-10": 0.0, "10-15": 0.0, "15-20": 0.0, "20-25": 0.0, "25-30": 0.0, "30-40": 0.0, "40-50": 0.0, "50-": 0.001}}, {"time": 66, "distance_buckets": {"0-5": 0.0, "5-10": 0.0, "10-15": 0.0, "15-20": 0.0, "20-25": 0.0, "25-30": 0.0, "30-40": 0.0, "40-50": 0.0, "50-": 0.001}}, {"time": 67, "distance_buckets": {"0-5": 0.0, "5-10": 0.0, "10-15": 0.0, "15-20": 0.0, "20-25": 0.0, "25-30": 0.0, "30-40": 0.0, "40-50": 0.0, "50-": 0.001}}, {"time": 68, "distance_buckets": {"0-5": 0.0, "5-10": 0.0, "10-15": 0.0, "15-20": 0.0, "20-25": 0.0, "25-30": 0.0, "30-40": 0.0, "40-50": 0.0, "50-": 0.001}}, {"time": 69, "distance_buckets": {"0-5": 0.0, "5-10": 0.0, "10-15": 0.0, "15-20": 0.0, "20-25": 0.0, "25-30": 0.0, "30-40": 0.0, "40-50": 0.0, "50-": 0.001}}, {"time": 70, "distance_buckets": {"0-5": 0.0, "5-10": 0.0, "10-15": 0.0, "15-20": 0.0, "20-25": 0.0, "25-30": 0.0, "30-40": 0.0, "40-50": 0.0, "50-": 0.001}}, {"time": 71, "distance_buckets": {"0-5": 0.0, "5-10": 0.0, "10-15": 0.0, "15-20": 0.0, "20-25": 0.0, "25-30": 0.0, "30-40": 0.0, "40-50": 0.0, "50-": 0.001}}, {"time": 72, "distance_buckets": {"0-5": 0.0, "5-10": 0.0, "10-15": 0.0, "15-20": 0.0, "20-25": 0.0, "25-30": 0.0, "30-40": 0.0, "40-50": 0.0, "50-": 0.001}}, {"time": 73, "distance_buckets": {"0-5": 0.0, "5-10": 0.0, "10-15": 0.0, "15-20": 0.0, "20-25": 0.0, "25-30": 0.0, "30-40": 0.0, "40-50": 0.0, "50-": 0.001}}, {"time": 74, "distance_buckets": {"0-5": 0.0, "5-10": 0.0, "10-15": 0.0, "15-20": 0.0, "20-25": 0.0, "25-30": 0.0, "30-40": 0.0, "40-50": 0.0, "50-": 0.001}}, {"time": 75, "distance_buckets": {"0-5": 0.0, "5-10": 0.0, "10-15": 0.0, "15-20": 0.0, "20-25": 0.0, "25-30": 0.0, "30-40": 0.0, "40-50": 0.0, "50-": 0.001}}, {"time": 76, "distance_buckets": {"0-5": 0.0, "5-10": 0.0, "10-15": 0.0, "15-20": 0.0, "20-25": 0.0, "25-30": 0.0, "30-40": 0.0, "40-50": 0.0, "50-": 0.001}}, {"time": 77, "distance_buckets": {"0-5": 0.0, "5-10": 0.0, "10-15": 0.0, "15-20": 0.0, "20-25": 0.0, "25-30": 0.0, "30-40": 0.0, "40-50": 0.0, "50-": 0.001}}, {"time": 78, "distance_buckets": {"0-5": 0.0, "5-10": 0.0, "10-15": 0.0, "15-20": 0.0, "20-25": 0.0, "25-30": 0.0, "30-40": 0.0, "40-50": 0.0, "50-": 0.001}}, {"time": 79, "distance_buckets": {"0-5": 0.0, "5-10": 0.0, "10-15": 0.0, "15-20": 0.0, "20-25": 0.0, "25-30": 0.0, "30-40": 0.0, "40-50": 0.0, "50-": 0.001}}], "cls_out": [{"time": 0, "cls_out": [0.2456, 0.5063, 0.0443, 0.0264, 0.0251]}, {"time": 1, "cls_out": [0.514, 0.3448, 0.0224, 0.0156, 0.0152]}, {"time": 2, "cls_out": [0.6255, 0.3172, 0.0156, 0.0122, 0.012]}, {"time": 3, "cls_out": [0.4093, 0.4352, 0.0219, 0.0151, 0.0146]}, {"time": 4, "cls_out": [0.5265, 0.3895, 0.0158, 0.012, 0.0117]}, {"time": 5, "cls_out": [0.6499, 0.3044, 0.0123, 0.0097, 0.0096]}, {"time": 6, "cls_out": [0.3873, 0.4221, 0.0356, 0.0235, 0.0228]}, {"time": 7, "cls_out": [0.4605, 0.4286, 0.0239, 0.0178, 0.0173]}, {"time": 8, "cls_out": [0.4401, 0.5093, 0.0138, 0.0113, 0.0109]}, {"time": 9, "cls_out": [0.54, 0.3801, 0.0152, 0.0116, 0.0114]}, {"time": 10, "cls_out": [0.3687, 0.4943, 0.021, 0.015, 0.0144]}, {"time": 11, "cls_out": [0.4744, 0.4116, 0.0202, 0.0149, 0.0145]}, {"time": 12, "cls_out": [0.4755, 0.4654, 0.0172, 0.0139, 0.0135]}, {"time": 13, "cls_out": [0.592, 0.3661, 0.0141, 0.0114, 0.0113]}, {"time": 14, "cls_out": [0.3797, 0.5269, 0.019, 0.0146, 0.014]}, {"time": 15, "cls_out": [0.2742, 0.5864, 0.0249, 0.0177, 0.0168]}, {"time": 16, "cls_out": [0.5729, 0.3825, 0.0127, 0.0102, 0.01]}, {"time": 17, "cls_out": [0.6828, 0.3024, 0.0104, 0.0086, 0.0086]}, {"time": 18, "cls_out": [0.4765, 0.411, 0.0205, 0.0151, 0.0147]}, {"time": 19, "cls_out": [0.5183, 0.4302, 0.0128, 0.0103, 0.0101]}, {"time": 20, "cls_out": [0.4078, 0.5133, 0.0138, 0.0108, 0.0103]}, {"time": 21, "cls_out": [0.6002, 0.3614, 0.0122, 0.0099, 0.0098]}, {"time": 22, "cls_out": [0.6256, 0.3295, 0.0143, 0.0114, 0.0113]}, {"time": 23, "cls_out": [0.6712, 0.2934, 0.0154, 0.0124, 0.0123]}, {"time": 24, "cls_out": [0.564, 0.3836, 0.0146, 0.0117, 0.0114]}, {"time": 25, "cls_out": [0.631, 0.3157, 0.0163, 0.0128, 0.0127]}, {"time": 26, "cls_out": [0.6204, 0.3518, 0.0119, 0.0098, 0.0096]}, {"time": 27, "cls_out": [0.4084, 0.4997, 0.0147, 0.0113, 0.0108]}, {"time": 28, "cls_out": [0.2222, 0.6529, 0.0235, 0.0169, 0.0159]}, {"time": 29, "cls_out": [0.2243, 0.6629, 0.0214, 0.0157, 0.0148]}, {"time": 30, "cls_out": [0.1996, 0.747, 0.0142, 0.0116, 0.0108]}, {"time": 31, "cls_out": [0.3171, 0.6052, 0.017, 0.0135, 0.0128]}, {"time": 32, "cls_out": [0.4181, 0.5456, 0.012, 0.0101, 0.0097]}, {"time": 33, "cls_out": [0.4993, 0.43, 0.0172, 0.0135, 0.0132]}, {"time": 34, "cls_out": [0.612, 0.3427, 0.0149, 0.0119, 0.0118]}, {"time": 35, "cls_out": [0.6725, 0.3135, 0.0112, 0.0094, 0.0093]}, {"time": 36, "cls_out": [0.4646, 0.4673, 0.0146, 0.0115, 0.0112]}, {"time": 37, "cls_out": [0.303, 0.6335, 0.0155, 0.0126, 0.0119]}, {"time": 38, "cls_out": [0.3139, 0.56, 0.019, 0.0138, 0.0132]}, {"time": 39, "cls_out": [0.5391, 0.4071, 0.0167, 0.0134, 0.0132]}, {"time": 40, "cls_out": [0.519, 0.4528, 0.0127, 0.0107, 0.0104]}, {"time": 41, "cls_out": [0.4515, 0.4815, 0.0182, 0.0145, 0.0141]}, {"time": 42, "cls_out": [0.3052, 0.5372, 0.0366, 0.0256, 0.0245]}, {"time": 43, "cls_out": [0.1637, 0.6383, 0.0577, 0.0359, 0.0338]}, {"time": 44, "cls_out": [0.2689, 0.6341, 0.021, 0.0161, 0.0152]}, {"time": 45, "cls_out": [0.1639, 0.7099, 0.0284, 0.0199, 0.0185]}, {"time": 46, "cls_out": [0.2039, 0.6932, 0.0222, 0.0166, 0.0155]}, {"time": 47, "cls_out": [0.4126, 0.5136, 0.0159, 0.0126, 0.0121]}, {"time": 48, "cls_out": [0.22, 0.6777, 0.0253, 0.019, 0.0179]}, {"time": 49, "cls_out": [0.3426, 0.5966, 0.0155, 0.0126, 0.0121]}, {"time": 50, "cls_out": [0.2898, 0.6257, 0.0206, 0.0162, 0.0153]}, {"time": 51, "cls_out": [0.256, 0.5818, 0.0276, 0.0189, 0.0179]}, {"time": 52, "cls_out": [0.3002, 0.5774, 0.0212, 0.0156, 0.0148]}, {"time": 53, "cls_out": [0.3877, 0.5381, 0.0153, 0.0121, 0.0116]}, {"time": 54, "cls_out": [0.505, 0.4623, 0.0107, 0.0089, 0.0086]}, {"time": 55, "cls_out": [0.3838, 0.595, 0.0081, 0.007, 0.0067]}, {"time": 56, "cls_out": [0.26, 0.6731, 0.016, 0.0129, 0.0122]}, {"time": 57, "cls_out": [0.2689, 0.6207, 0.0255, 0.0192, 0.0182]}, {"time": 58, "cls_out": [0.192, 0.6944, 0.0248, 0.018, 0.0169]}, {"time": 59, "cls_out": [0.1147, 0.7839, 0.0276, 0.0195, 0.0179]}, {"time": 60, "cls_out": [0.1122, 0.8335, 0.0171, 0.0136, 0.0124]}, {"time": 61, "cls_out": [0.1405, 0.7516, 0.0292, 0.0209, 0.0193]}, {"time": 62, "cls_out": [0.1715, 0.742, 0.0232, 0.0177, 0.0164]}, {"time": 63, "cls_out": [0.0751, 0.8464, 0.0232, 0.0163, 0.0147]}, {"time": 64, "cls_out": [0.1072, 0.7713, 0.0247, 0.0163, 0.0149]}, {"time": 65, "cls_out": [0.1069, 0.8141, 0.0218, 0.016, 0.0146]}, {"time": 66, "cls_out": [0.1249, 0.7879, 0.0255, 0.0188, 0.0173]}, {"time": 67, "cls_out": [0.1503, 0.7683, 0.0201, 0.0154, 0.0141]}, {"time": 68, "cls_out": [0.1478, 0.7608, 0.0235, 0.0175, 0.0162]}, {"time": 69, "cls_out": [0.1129, 0.7469, 0.0371, 0.024, 0.0222]}, {"time": 70, "cls_out": [0.1108, 0.7842, 0.0272, 0.019, 0.0174]}, {"time": 71, "cls_out": [0.1077, 0.8236, 0.0227, 0.0174, 0.0159]}, {"time": 72, "cls_out": [0.1283, 0.7941, 0.0202, 0.0153, 0.014]}, {"time": 73, "cls_out": [0.1056, 0.7968, 0.0275, 0.0194, 0.0177]}, {"time": 74, "cls_out": [0.1046, 0.7914, 0.029, 0.0201, 0.0184]}, {"time": 75, "cls_out": [0.1309, 0.668, 0.0548, 0.0326, 0.0304]}, {"time": 76, "cls_out": [0.0713, 0.8675, 0.0208, 0.0153, 0.0138]}, {"time": 77, "cls_out": [0.0938, 0.7659, 0.0433, 0.0272, 0.025]}, {"time": 78, "cls_out": [0.0587, 0.7662, 0.073, 0.0386, 0.0352]}, {"time": 79, "cls_out": [0.0979, 0.779, 0.0338, 0.0221, 0.0203]}], "statistics": {}, "cam_init": {"init_status": 3, "horizon": {"coef_a": 0.0, "coef_b": -0.0033, "coef_c": 1.0}, "camera_height": 1.9135, "plane_normal": {"x": 0.0002, "y": -1.0, "z": -0.0042}, "vanishing_point": {"x": 643.6381, "y": 300.1292}, "rectified_lane_scale": 1045.563, "homography_ipm": {"hx": {"x": 1.0002, "y": -0.9852, "z": -332.3459}, "hy": {"x": 0.0001, "y": -0.4707, "z": -495.9139}, "hz": {"x": 0.0, "y": -0.0016, "z": 0.4706}}}}